:020000040800F2
:10000000404800200D030008375A0008474E0008FA
:10001000355A00085D2B0008E9690008000000005F
:100020000000000000000000000000007502000851
:10003000732E000800000000B902000843620008A7
:1000400027030008270300082703000827030008E8
:1000500027030008270300082703000827030008D8
:1000600027030008270300082703000827030008C8
:10007000312E00083D2E0008270300082703000842
:1000800027030008270300082703000827030008A8
:100090002703000827030008270300082703000898
:1000A00027030008C962000827030008BD62000892
:1000B00027030008D562000827030008270300086B
:1000C0002703000827030008270300082703000868
:1000D000270300082703000827030008DD6900083C
:1000E00027030008270300082703000800F002F890
:1000F00000F0B0F80AA090E8000C82448344AAF112
:100100000107DA4501D100F0A5F8AFF2090EBAE80F
:100110000F0013F0010F18BFFB1A43F0010318473B
:10012000B8DC0000D8DC00000A444FF0000C10F8E6
:10013000013B13F0070408BF10F8014B1D1108BF65
:1001400010F8015B641E05D010F8016B641E01F805
:10015000016BF9D113F0080F1EBF10F8014BAD1C55
:100160000C1B09D16D1E58BF01F801CBFAD505E073
:1001700014F8016B01F8016B6D1EF9D59142D6D3CD
:10018000704700000023002400250026103A28BFF5
:1001900078C1FBD8520728BF30C148BF0B607047F9
:1001A0006E2900F09E84702900F0F78766290CF014
:1001B000D58065290CF0D28067290CF0CF806129A9
:1001C0000CF0CE8003681B0A28BF41F0800169292A
:1001D00000F03881642900F03581752900F0328102
:1001E0006F2900F08487782900F0C387E92900F09F
:1001F0001F87E42900F01C87F52900F01987EF29F3
:1002000000F08187F82900F0C2870368DB0928BF66
:1002100041F08001632901F08F82732901F09482FB
:10022000E32901F09F82F32901F0A48200207047A6
:100230001FB501F063F80400002000210AF0A8FFB8
:10024000401C6060002000210AF08CFFE0601FBDB0
:1002500010B510BD01F048FB1146FFF7E9FF08F0AB
:100260002BF801F0EBFD03B4FFF7F2FF03BC02F043
:1002700019F80000224B19680868B0E8F00F80F305
:100280000988BFF36F8F4FF0000080F311884EF0A4
:100290000D0E70470000000006480068006880F3FB
:1002A000088862B661B6BFF34F8FBFF36F8F00DF70
:1002B00000BF00BF08ED00E0EFF30980BFF36F8FD0
:1002C0000F4B1A6820E9F00F106008B54FF050008E
:1002D00080F31188BFF34F8FBFF36F8F0AF00CF8D4
:1002E0004FF0000080F31188BDE8084019680868E5
:1002F000B0E8F00F80F30988BFF36F8F704700BF3D
:10030000F8000020EFF3058070470000094880479F
:1003100009480047FEE7FEE7FEE7FEE7FEE7FEE7E7
:10032000FEE7FEE7FEE7FEE704480549054A064BFF
:1003300070470000B9620008ED000008404200204C
:1003400040480020404400204044002010B54C109C
:1003500084EA530404D54042C1F1000138BF491E6C
:100360001B4204D55242C3F1000338BF5B1E00F0AC
:10037000A2FA14F0804F04D04042C1F1000138BF0E
:10038000491E14F0004F04D05242C3F1000338BF9D
:100390005B1E10BD7CB51D4616460C00009001D0BA
:1003A0002044401E074B7B442A4669460190304654
:1003B00000F0BFFD05461CB10020694600F0CCFDF1
:1003C00028467CBDB90B00000FB41CB5084B06AA2B
:1003D0007B4469460090059800F0ABFD0446002080
:1003E000694600F0B9FD20461CBC5DF814FB000016
:1003F000850B000070B5044685690068C10601D50B
:10040000302600E02026C00707D070BDD4E90121C6
:1004100030469047206A401C20626D1EF6D570BDA4
:1004200070B5044685690078C00707D170BDD4E96E
:10043000012120209047206A401C20626D1EF6D5C5
:1004400070BD00002DE9F0410646002410687529B2
:10045000314616A510D000F0B0FA002802DA40426A
:1004600013A507E031688A0701D512A502E0490704
:1004700004D511A5012401E000F0A8FA00210A2208
:1004800006F1240709E0B0FBF2FCB0FBF2F302FB3B
:100490001C00303078541846491C0028F3D12346FC
:1004A0002A463046BDE8F04100F0C2BA0000000024
:1004B0002D0000002B000000200000002DE9F05F5F
:1004C000894604464FF0000ADFF874B1FB44C0F8D7
:1004D00020A02046E1688847002874D0252806D04F
:1004E000D4E901219047206A401C2062F1E70026F0
:1004F0005F462046E16888472028054607DB312D06
:1005000005D2781910F8200C08B10643F1E7B007BE
:1005100001D526F00406C4F81CA00027C4F818A0D2
:100520002A2D09D0284606F0E0FB38B304EB8708F3
:10053000303DC8F8185019E059F8041B204604EB68
:1005400087029161E1688847012F054618D1E0696B
:10055000002820DA26F020061DE0D8F8180000EB6D
:10056000800005EB40003038C8F818002046E168EC
:100570008847054606F0B9FB0028EED1012F0AD0C6
:100580002E2D08D12046E16888477F1C0546022FA2
:1005900046F02006C4DBA069002803DA404246F09A
:1005A0000106A061F00701D026F010066C2D0BD0DB
:1005B000682D09D04C2D39D06A2D35D0742D35D009
:1005C0007A2D33D016E038E0E1682F462046884780
:1005D000B842054609D16C2F26D04FF48060E168FF
:1005E000064320468847054604E06C2F1AD04FF496
:1005F000807006430DB3A5F14100192802D82035BB
:1006000046F400664A462946204626604E46FFF7D5
:10061000C7FD80B101280BD0F61D26F0070000F1C0
:10062000080956E74020E4E78020D8E70020D6E715
:1006300006F104094DE7284652E7206ABDE8F09F1D
:10064000AAD6000040EA010310B59B070FD1042A87
:100650000DD310C808C9121F9C42F8D020BA19BA8D
:10066000884201D9012010BD4FF0FF3010BD1AB1F2
:10067000D30703D0521C07E0002010BD10F8013B47
:1006800011F8014B1B1B07D110F8013B11F8014B6E
:100690001B1B01D1921EF1D1184610BD40EA010387
:1006A00070B59B072ED14FF00136042A2AD308C813
:1006B00010C99D1B9D43121F15EAC61517D0D8B24D
:1006C000E1B2401A50EA056110D198B2A1B2401AC5
:1006D00050EA05410AD123F07F4024F07F41401ABF
:1006E00050EA052102D1180EA0EB146070BDA342A0
:1006F000DBD018BA21BA884201D9012070BD4FF071
:10070000FF3070BD0AB9002070BD10F8013B11F830
:10071000014B63B1A3420AD1521E08D010F8013B2D
:1007200011F8014B1BB1A34201D1521EEDD1181B90
:1007300070BD032A40F2308010F0030C00F01580E9
:1007400011F8013BBCF1020F624498BF11F801CBD4
:1007500000F8013B38BF11F8013BA2F1040298BF39
:1007600000F801CB38BF00F8013B11F0030300F0A3
:100770007185083AC0F0088051F8043B083A51F8F6
:1007800004CBA0E80810F5E7121D5CBF51F8043B4C
:1007900040F8043BAFF30080D20724BF11F8013BBF
:1007A00011F801CB48BF11F8012B24BF00F8013B21
:1007B00000F801CB48BF00F8012B704701F0FF03A0
:1007C000114601B543EA032242EA024200F076FDF7
:1007D00001BD02F0FF0343EA032242EA024200F0B5
:1007E0006DBD4FF0000200B5134694469646203981
:1007F00022BFA0E80C50A0E80C50B1F12001BFF4DA
:10080000F7AF090728BFA0E80C5048BF0CC05DF83F
:1008100004EB890028BF40F8042B08BF704748BF8D
:1008200020F8022B11F0804F18BF00F8012B704701
:100830004FF0013C50F8042B51F8043B9A4221D16F
:10084000A2EB0C03934313EACC1317D150F8042BFB
:1008500051F8043B9A4215D1A2EB0C03934313EADF
:10086000CC130BD150F8042B51F8043B9A4209D118
:10087000A2EB0C03934313EACC13DBD04FF0000040
:10088000704700BFD01A01BAB1FA81F101F0180126
:1008900022FA01F0CB40C1F12001DBB2C0B2C01A94
:1008A0002CFA01F3D11A914311EAC311E6D1704732
:1008B00070477047704753EA020C00F069802DE9D9
:1008C000F04B4FF00006002B1FBFB3FA83F503FA7D
:1008D00005F424FA05F65E4012BF1643B2FA82F51B
:1008E00002FA05F4C5F120051EBF22FA05FC44EA10
:1008F0000C04203556EA044C4FEA144418BF641C1B
:100900004FF000084FF00009904271EB030C39D30F
:10091000002919BFB1FA81F701FA07F6B0FA80F79A
:1009200000FA07F6C7F120071EBF20FA07FC46EAC7
:100930000C062037B6FBF4FCA7EB0507103F07F0C9
:100940001F0BCBF120060CFA0BFB2CFA06F644BF6A
:10095000B3460026202FA4BF5E464FF0000B5BEA93
:10096000060C08BF4FF0010B19EB0B09ABFB027C27
:1009700048EB0608C01B06FB02CC0BFB03CC71EB5B
:100980000C01C1E70B46024641464846BDE8F08BE4
:1009900013B54FF000004FF00001AFF30080BDE849
:1009A0001C40704710B500F0ADFC006810BD10B5DC
:1009B000044600F0A7FC046010BD09684A0501D593
:1009C00040B27047C905FCD500B2704709684A05B6
:1009D00001D5C0B27047C905FCD580B2704770B56B
:1009E0000C460546012A05D02878800600D5EA691C
:1009F000002302E0012305E05B1C934202D2E05C8D
:100A00000028F9D1A869E618C01AA861286A184414
:100A100028622846FFF7EEFC04E0D5E9012114F82E
:100A2000010B9047B442F8D32846FFF7F9FC70BD9C
:100A30002DE9F0470D4699469246044600F12408F8
:100A40000168880604D5E06921F01001216000E00A
:100A50000120A84201DD471B00E00027A1697A19A7
:100A600002EB0900081AA0612078C00602D42046D3
:100A7000FFF7C0FC002608E0D4E901211AF80600BF
:100A80009047206A401C761C20624E45F4DB20789B
:100A9000C0060AD52046FFF7ADFC06E0D4E90121E7
:100AA00030209047206A401C2062381EA7F10107C1
:100AB000F4DC07E0D4E9012118F805009047206A2A
:100AC000401C2062281EA5F10105F3DC2046FFF73B
:100AD000A7FC2078000602D50220BDE8F08701209F
:100AE000FBE711680268006A530501D508700AE047
:100AF000D30501D5088006E0130603D5C217C1E966
:100B0000000200E008600120704770472DE9FF4FA8
:100B10000C461E464FF0FF378BB0D2E90001DDF8DE
:100B200060800A908A46C1F30A5505B93D46002106
:100B300008464FF00000BAF1000F00F4400005DA5B
:100B400000EB80004FF4400101EA50004FEA905959
:100B5000B9F1010F00DDB9460A9850EA4A000ED0FB
:100B600044F61050A5F2FF3545432F14B8F1000F9D
:100B70001ED07542291E1EDDC9F100021CE0B8F12D
:100B8000010F4FF0000001D0302103E0F24305E0F7
:100B90002154401CB042FBDB30460022002121548E
:100BA0000B99C1F80880C1E900200FB0BDE8F08FB3
:100BB000BD1B6D1CDEE74A4600DA694206A800F05C
:100BC000FDFD06AB93E8070003AB83E80700504642
:100BD0000A9901F08FFB8DE80700A0F500501F383F
:100BE00000900398002D0ADD42F21F014A46084496
:100BF000002303A90390684601F03AFE09E0A0F53E
:100C000000504A461F38002303A90390684601F0AC
:100C100059FE8DE807000004000C03D04FF0FF30B0
:100C2000410800E01046B8F1000F03D00022009206
:100C300015461EE0751E05D400F068FB3032625583
:100C40006D1EF9D5B3460122084302D000227F1C55
:100C500004E02078302801D100227F1E002A099765
:100C600084D01DE0112D07DA00F050FB30326255C0
:100C70006D1C50EA0102F5D1084302D00098C8B1BA
:100C80000EE00021681E05E0235C625C6354225480
:100C9000401E491C8142F7DBAB46A81B401E099051
:100CA000002004F80B000B98099AC0F80880C0E9EE
:100CB000002B7AE711264FF0000857E72DE9F04F97
:100CC00088460446D21D22F0070191B0D1E9000107
:100CD000CDE90A0105F004FF02460B98C00F01D0D0
:100CE0002D2007E02068810701D52B2002E020217C
:100CF00001EAC000032A099001D0072A05DB034658
:100D00004146204600F0CEFC0BE12078800601D55C
:100D1000E06900E00620B8F1650F814606D0B8F121
:100D2000660F18D0B8F1670F70D131E00020B9F12B
:100D3000110F009001DB112301E009F101030AAA60
:100D400001A90CA8FFF7E2FEDDE90C70002609F10D
:100D50000105834647E001204B4600904FF00047D5
:100D60000AAA01A90CA8FFF7D1FEDDE90DB00C9984
:100D70005D46002610B909F101000D18B9EB050018
:100D800003D4C0F1FF3609F10105A5EB09002BE002
:100D9000B9F1010F01DA4FF001090020B9F1110F8B
:100DA0000090484601DD112300E003460AAA01A98C
:100DB0000CA8FFF7ABFEDDE90C704D46002683461C
:100DC000207800070AD4AB4500DA5D4601A8012D62
:100DD00004DD411911F8011C302907D04F4502DA12
:100DE00017F1040F04DA012082460FE06D1EEEE7D2
:100DF000002F02DCED1B3E4403E0781CA84200DD1E
:100E00007D1CB81B00F1010A4FF000472078000755
:100E100003D4AA4501DB4FF0FF3A0021B7F1004FA0
:100E20000DF143088DF8431024D002202B23002F0E
:100E300001DA7F422D230A21021EA0F1010000DC0D
:100E40005FB197FBF1FC97FBF1F201FB1C7C1746AD
:100E50000CF1300C08F801CDEEE7A8F101000370A9
:100E60002188090501D5452100E06521A0F101088F
:100E700000F8011C09980FA9A1EB0807FF1D00B19C
:100E80000120411901EBEA70A1693844081A401E9B
:100E9000A0612078C00602D42046FFF7ABFA09987B
:100EA00028B1D4E901219047206A401C20622078B3
:100EB000C00622D52046FFF79DFA1EE0002E04DB77
:100EC000B34502DD01A8805D00E03020D4E90121B6
:100ED0009047206A401C2062761CAAF101005FEA5C
:100EE000000A0AD100F00AFAC0680168405CD4E93F
:100EF00001219047206A401C2062281EA5F10105AF
:100F0000DCDC07E0D4E9012118F8010B9047206AE6
:100F1000401C2062381EA7F10107F3DC2046FFF7D2
:100F20007FFA032011B041E601694A1C026108788A
:100F3000704700B58FB0CDE9013100210591054919
:100F40007944CDE9031011466846FFF7B7FA0FB0B0
:100F500000BD0000E5FFFFFF0A6802F8010B0A6010
:100F60007047D1E900239A4202D2531C0B601070E3
:100F7000704700002DE9FF5F15468A460446DFF8FA
:100F8000AC80F8440027D8E900103E46CDE90010B7
:100F900010E03AF816106A4602A800F081FC411CE5
:100FA00007D02178890603D5E269391891420DD816
:100FB0000744761C2078800602D5E069B84205DD3A
:100FC000AE42E6DB3AF816000028E2D1A069C01B69
:100FD000A0612046FFF70EFAD8E90010CDE9001015
:100FE000002017E03AF818106A4602A800F058FCF2
:100FF000B0F1FF3F81460BD000250DF1080B05E055
:10100000D4E901211BF8050090476D1C4D45F7D32D
:1010100008F10100B0428046E4DB206A38442062D7
:101020002046FFF7FDF9BDE8FF9F00005ACC000005
:101030002DE9F0418046D21D22F007020025D2E9B9
:101040000002F52915A614D0011E72F1000106DA7E
:101050000023D0EB030063EB020211A608E0D8F8EE
:1010600000108B0701D50FA602E0490701D50EA697
:1010700001251146002408F1240704E000F046F998
:1010800030323A55641C50EA0102F7D12B46324601
:1010900021464046BDE8F041FFF7CABC0000000011
:1010A0002D0000002B0000002000000030B40021C3
:1010B00000F1240408E002F00705D208303542EAC6
:1010C0004372DB086554491C52EA0305F3D10468F6
:1010D000002310A2250707D5A40600D421B1C469B6
:1010E00001230DA2641EC46130BCFFF7A1BC10B582
:1010F000044621461068FFF769FC02462046BDE819
:1011000010400023D2E7D21D22F00701D1E90023CD
:10111000CCE700000000000030000000F0B40D46F5
:101120000188090502D5214C7C4402E01F4C7C4417
:101130000E34002100F1240608E002F00F07120926
:10114000E75D42EA03721B097754491C52EA030720
:10115000F3D102780023120704D5702D06D009B10F
:10116000022311342246F0BCFFF762BC0123103485
:10117000F8E770B504460D4621461068FFF726FCD7
:10118000024629462046BDE870400023C6E7D21D2E
:1011900022F00703D3E90023C0E70368126843F095
:1011A000200303600823C3610023B7E7BCCA000023
:1011B0000FB4002300B589B00CA900910B99CB6046
:1011C000214B7B440693214B7B44079304236FF010
:1011D0000042CDE901321E4A7A446B46089202462B
:1011E00000200BF045F909B05DF814FB70B5064618
:1011F0004FF0FF3015460C46324686B00091CDE9DF
:10120000010169460020049004A8FFF7D1FF0246BF
:101210000498211825B108B1084600E0204628604E
:10122000049800280DD0002A02DD0098884208D0DA
:101230003246081B69460094CDE9010404A8FFF773
:10124000B7FF06B070BD0000B7050000CF05000075
:10125000BB01000010B5203AC0F00B80B1E8185077
:10126000203AA0E81850B1E81850A0E81850BFF490
:10127000F5AF5FEA027C24BFB1E81850A0E818502F
:1012800044BF18C918C0BDE810405FEA827C24BF83
:1012900051F8043B40F8043B08BF7047D20728BF11
:1012A00031F8023B48BF11F8012B28BF20F8023B60
:1012B00048BF00F8012B70474FF000020429C0F02E
:1012C000128010F0030C3FF48EAACCF1040CBCF198
:1012D000020F18BF00F8012BA8BF20F8022BA1EBCA
:1012E0000C01FFF780BA5FEAC17C24BF00F8012B34
:1012F00000F8012B48BF00F8012B704700487047E9
:101300000042002000487047E041002030B5B0F1B5
:101310000A024FEA900E71F100034EEA817EB0EBB3
:101320000E0061EB91014FEA101E4EEA017E10EBB8
:101330000E0041EB11114FEA102E4EEA016E10EB38
:101340000E0041EB11214FEA104E4EEA014E10EB18
:101350000E0041EB1141401841F100014FEAD0006D
:1013600040EA41704FEAD10110EB80054FEA810459
:1013700044EA907444EB01046D1944EB0404521BDD
:10138000A3414FF0000348BF0A3200D530BD401CD6
:1013900041F1000130BD10B5044600F0CBFA006801
:1013A000005D00F0010010BD2DE9F04F04460D4630
:1013B000D21D22F0070089B0D0E90097484639468F
:1013C00005F08EFB0246F80F01D02D2307E02068C0
:1013D000810701D52B2302E0202101EAC0038DF80B
:1013E00020300BB1012000E00020032A824601D00A
:1013F000072A04DB2946204600F054F93FE1207813
:10140000800601D40D2500E0E569C7F30A560D2DCD
:1014100049DA00214FEA175B08464FF00000002F21
:1014200000F4400007DA00EB80004FF4400100EBCD
:10143000D07001EA60008115012901DD4FF0FF3114
:1014400000224FEA850CBCF1180F06D31346ACF10D
:1014500018004FF08052C24003E04FF4801323FA8B
:101460000CF30CF10C0CBCF1200F04D3ACF1200CEC
:1014700009FA0CF001E007FA0CF000294FF00048DF
:1014800001DD18B90FE00ED140450CD319EB02096C
:101490005F4121B9404502D19F4329EA0209BBEBD4
:1014A000175F00D0761C2088000502D57B48784461
:1014B00002E07A487844193808AA302302F80A3042
:1014C000037C0AF10101002E0AF1020A53546A4614
:1014D00002DC4FF0300101E04FF031014FF0010824
:1014E0008DF8001002D0A6F2FF3603E059EA47015A
:1014F00000D06B4E002D02DC2178090704D54FF097
:1015000002082E218DF80110C44600210BE0C7F31C
:1015100003433F01C35C491C6D1E02F808300529D6
:1015200008F1010801DA002DF1DC00210CE000EBEC
:101530001973491C1B786D1E082902F808304FEA00
:10154000091908F1010801DA002DF0DC21688B0689
:1015500002D516E0A8F10108E04505DD02EB08031D
:1015600013F8013C302BF5D0B8F1000F09DD02EB88
:10157000080313F8013C2E2B03D1090701D4A8F16D
:101580000108002D05DD3E2102F808106D1E08F14E
:101590000108407C002E02F8080008F1010804DA76
:1015A0002D20764202F8080002E02B2002F8080005
:1015B0000A214FF47A70864208F101080BDB96FB92
:1015C000F0F3303302F8083096FBF0F308F101082D
:1015D00000FB136601E0642E0CDB642096FBF0F345
:1015E000303302F8083096FBF0F308F1010800FBF5
:1015F000136601E00A2E06DB96FBF1F0303002F8AC
:10160000080008F1010896FBF1F001FB1060303092
:1016100002F80800A16908F1010808EB050202EBD5
:101620000A00081AA0612078C00602D42046FEF7FE
:10163000E1FE216A08AE01EB0A00206204E0D4E971
:10164000012116F8010B9047BAF1010AF7D2207870
:10165000C00602D52046FEF7CDFE6E4609E016F81C
:10166000010B3E280FD0D4E901219047206A401C8D
:101670002062B8F10108F2D22046FEF7D1FE09B08F
:101680000320BDE8F08F206A2844206203E0D4E9FB
:101690000121302090476D1EEBD3F8E711C8000000
:1016A00002FCFFFF2DE9F0411F46044603260168B6
:1016B000072A01F4006004DB08B116A505E016A5B1
:1016C00003E008B115A500E015A521F01000206089
:1016D000A069C01EA0610FB1401EA0612046FEF7A8
:1016E00089FE4FB1D4E9012138469047206A401C59
:1016F0002062C01C206206E0206AFAE7D4E90121DA
:1017000015F8010B9047761EF8D22046FEF788FEAA
:10171000BDE8F0814E414E006E616E00494E4600BC
:10172000696E660010B5436913B1AFF3008001E044
:10173000FFF755F9012010BD127800F124010A705D
:1017400000224A700122EDE711684FF0FF32E9E70D
:1017500010B5436913B1AFF3008001E0FFF70AFC55
:10176000012010BD128800F1240182840022C2846D
:101770000122EDE711684FF0FF32E9E7426842B11C
:10178000016811F8013B23B1521EC0E9001218464E
:1017900070470121C160881E704742685AB1C36812
:1017A000016843B983688B4205D0491E521CC0E9C9
:1017B0000012002070474FF0FF3070472DE9F047CE
:1017C000814616468AB0354878440DC88DE80D002C
:1017D00032487844801C03AC0DC884E80D0041F603
:1017E0009B300844372190FBF1F290FBF1F5A5F115
:1017F000800501FB12041B3C02D56442012000E07D
:101800000020DFF898A080460027FA44AAF1BE0A1B
:101810000EE0E0070AD03246684607EB4701012395
:101820000AEB810101F04EF88DE8070064107F1C7F
:10183000002CEED1194F7F44AE3F19E0E80715D0D8
:1018400007EB04100DF1180A90E80E008AE80E006C
:10185000C068F04201D1981908903246012306A9C8
:1018600003A801F02FF803AB83E807006D10641C98
:10187000002DE3D14FF0010332466946B8F1000F65
:1018800003A802D000F0F4FF01E001F01BF8C9E961
:101890000001C9F808200AB0BDE8F08788C500003B
:1018A00070B516460C46054600F044F8036893F8F8
:1018B0000101012806D0FF2C0FD8185D68B1012066
:1018C0002C7070BDD3F807013246214603F207138E
:1018D00003442846BDE8704018474FF0FF3070BD04
:1018E00000487047E04100207546FFF7F9FFAE461B
:1018F00005006946534620F00700854618B020B51C
:10190000FEF712FDBDE820404FF000064FF0000743
:101910004FF000084FF0000B21F00701AC46ACE897
:10192000C009ACE8C009ACE8C009ACE8C0098D4604
:101930007047000010B5FFF7E1FC001D10BD00BFAF
:10194000519800002DE9FF4F06468BB00878FF281C
:1019500006D0491C2D2805D000244FF0000908E0CE
:1019600000200CE00124F8E709EB8903491C00EB97
:1019700043090878FF28F7D114B1C9F10000814666
:10198000107800252C46AA4629462D2801D02B2860
:1019900004D1521C2D2813D0002082468B4610788B
:1019A000FF280FD04FF0000C0A21521CA5FB017834
:1019B00004FB018105FB0C11C5194BEB0104EEE79B
:1019C0000120EAE7002108464FF00000BAF1000FBD
:1019D00002D000EB80004008C0F38157012F01DDE9
:1019E0004FF0FF370E9955EA040009EB01080BD0C0
:1019F0004FF0020918F5FA7F16DA4FEACA70002F85
:101A0000706008DD012007E04FEACA70C6E900B047
:101A10000FB0BDE8F08F00203060FFF773FCC0F816
:101A200000901821084616E0B8F5FA7F18DD002F5F
:101A300002DAF748784401E0F6487844D0E900102B
:101A4000C6E9001040EACA707060FFF75BFCC0F89E
:101A50000090142108460FB0BDE8F04F0AF07BBC9F
:101A6000002108464FF00000B8F10001099002DAA9
:101A7000C7F1000200E03A4601DAC8F1000106A809
:101A8000FFF79CFE06AB93E8070003AB83E8070073
:101A900044F23E005BEA04010090584604D144F24F
:101AA0001E012C465D460091210C0904014306D11C
:101AB0000099240444EA15442D041039009104F0DF
:101AC0007F41014306D10099240244EA15642D02A6
:101AD0000839009104F07041014306D100992401B6
:101AE00044EA15742D01091F009104F0404101439F
:101AF00006D10099A40044EA9574AD00891E0091B6
:101B000004F00041084304D100986D196441401E5F
:101B100000904FF001033A466846B8F1000FCDE956
:101B2000014503A902DD00F0E2FE01E000F0B5FE90
:101B3000BAF1000F04460D4601D084F000440021A4
:101B400008464FF00000099940F2FF77484010F036
:101B50000C0F07D124F00040284303D0C4F30A50EF
:101B6000B84212D1FFF7CEFBC0F80090C4F30A5080
:101B7000B8420AD1A8487844D0E90010C6E900105C
:101B800004F000410843706042E7C6E900543FE7B3
:101B90002DE9FF4F1F464FF0000A4FF0FF38454632
:101BA00091B0D7E90146CDF83CA0FFF7A7FBC0688C
:101BB0000168405C1090B96912986D1C8847396AB9
:101BC000814688470028F6D1B9F1FF3F0AD0002EA0
:101BD00024F4D06411DDB9F12B0F08D0B9F12D0F29
:101BE0000BD102E0404615B013E744F48064B969B4
:101BF00012986D1C8847761E8146600504A901D5A0
:101C00002D2000E02B20002E01F1010B0DF13008FA
:101C10008DF810003FDDB9F1690F08D0B9F1490F17
:101C200005D0B9F16E0F02D0B9F14E0F1CD13B4671
:101C300001A8009580E85002DDE912126FF0020061
:101C40000AF01AFCC11CCED10EE0B96912986D1CC5
:101C5000884781461398761E44F4007405600F98F7
:101C6000401C002E0F9016DDB9F1300FEDD0B9F108
:101C7000780F02D0B9F1580F0DD10F9801280AD171
:101C80003B46CDE90054DDE91212001F02960AF02E
:101C9000F1FBC11CA7D1109989453ED144F08004C5
:101CA00006E01399681CAAF1010A44F40074086064
:101CB000B9696D1C1298761E884730288146F0D08D
:101CC0002BE01099894505D1200603D4761E44F0F7
:101CD000800418E0484605F008F808B3761E0DF1B8
:101CE00023018B4544F4007408D2A9F130000BF8AD
:101CF000010B200607D5AAF1010003E0200602D45B
:101D00000AF101008246A00502D51399681C0860FB
:101D1000B96912986D1C88478146002ED1DC53E0CA
:101D2000002E51DDB9F1650F02D0B9F1450F4BD14D
:101D3000A00549D5B9696D1C1298761E24F440742B
:101D40008847002E81460CDD2B2804D0B9F12D0FD9
:101D500007D144F48074B96912986D1C8847761EC7
:101D60008146E00501D52D2100E02B2108F8011B5B
:101D7000CDF8008021E0761E0DF13901884544F44C
:101D800000740CD2A9F1300010F0FF0088F80000B8
:101D900002D10099884509D908F1010806E0E0055B
:101DA00001D51E4801E042F20F708246B9691298CF
:101DB0006D1C8847814613980560002E04DD484657
:101DC00004F093FF0028D6D1F96912988847FF20C4
:101DD00053468BF8000088F8000000200A900B9012
:101DE00004AA0CA90AA8FFF7ADFDA00502D46FF064
:101DF0000100F8E614F0240F12D0E0071CD1386877
:101E0000DDE90A12031D3B600068C0E9001213E01F
:101E1000C8C30000BAC300007EC20000F1D8FFFFB3
:101E20000AA9684604F0F0FEE00705D13868009A78
:101E3000011D3960006802602846D4E610B50446EA
:101E4000AFF300802046BDE81040FEF70CBA00005A
:101E50002DE9FF4F1F464FF03C0987B04FF000427D
:101E6000DDE9141001F10108DDF858A002EA405044
:101E70000390002005908346054604460490B96906
:101E8000461E08988847AAF1010A0290BAF1000F8D
:101E90003BDD02982E2815D0102100F01CFA0028F6
:101EA0002EDB4FF0010B0599014317D0B9F1000F5C
:101EB0000BDB4A46C11700F0FBF905430C43A9F1BF
:101EC000040905E0012004900BE008B145F001058C
:101ED00001200590049820B9361D02E0049800B155
:101EE000361FB969089808F101088847BBF1000F4F
:101EF000AAF1010A0290C9D00999C1F80080C5E78A
:101F00000298702808D0502806D0F96908988847A8
:101F1000BBF1000F14D04FE0002002900120BBF174
:101F2000000F049009D0B969089808F101088847A2
:101F3000AAF10109B9F1000F07DCF969089888478F
:101F40006FF001000BB0BDE8F08F2B2804D02D28D6
:101F50000CD14FF0FF300490B969089808F10108DE
:101F60008847A9F10109B9F1000FE6DD411CE4D071
:101F70000A2100F0B0F90028DFDB029908F101081E
:101F800001EB810100EB41000290B9690898884794
:101F90000A2100F0A0F9099AA9F10109B9F1000F8D
:101FA000C2F8008001DD0028E7DAF969089888475F
:101FB0000499029800FB016655EA040004D004F07D
:101FC0004041090002D006E0039898E0A40044EAEA
:101FD0009574AD00B61E04F00041080002D16D19E1
:101FE0006441761E159810F0240F03D04FF00B09B2
:101FF0005C4803E04FF028096FF07D0082465645AB
:1020000007DAAAEB06018944B9F1410F01DD4FF06F
:10201000410901200021A9F1010200F049F902461D
:1020200028400B462140084301D0012100E0002157
:10203000501E029143F1FF3128402140084301D056
:10204000012000E000200299834651EA0B014FD0A5
:10205000002108464FF00000039900F4400039B118
:1020600000EB80004FF4400100EBD07001EA60000B
:102070008015012802DD4FF0FF3000E013D0401C36
:1020800036D0029860B3BBF1000F0CD14A46012054
:10209000002100F00DF928402140084301D0012023
:1020A00000E00020E0B101204A46002100F000F9E4
:1020B000034640190A4661412D1A8C4111D3B9F1EA
:1020C000400F09DD159810F0240F02D0AAF1340654
:1020D00003E0AAF1170600E0761C00254FF000444B
:1020E00006E05B1E42F1FF3220EA030521EA02040A
:1020F000CAF10100B04206DA1B4903980843019077
:10210000002000900EE0039AC4F3D321E80A0A43AA
:10211000164940EA44500A433146CDE90002684678
:1021200004F0D8FD159810F0240F0BD01598C007B7
:1021300015D13868DDE90012031D3B600068C0E975
:1021400000120CE002A8694604F05EFD1598C00775
:1021500005D13868029A011D396000680260404666
:10216000F0E6000002FCFFFF0000F07F0000F03FFF
:102170002DE9FF4F92461D4685B04FF00041DDE945
:10218000124BDDE914727F1E01EA4B50414940F0C9
:10219000FF4940EA0108002122F02000492804916B
:1021A00002D04E2828D04CE03BA0012607C88DE87D
:1021B0000700A9690698641C88477F1E014606D45B
:1021C0001DF8060018B121F0200181420BD0E96909
:1021D00006988847032E34D0082E32D06FF00100C5
:1021E00009B0BDE8F08F761C032E01D0082EE0D197
:1021F000601CCAF80000DCE7A9690698641C8847DF
:102200007F1E2AD420F02000412826D1A9690698F3
:10221000641C88477F1E20D420F020004E281CD14B
:10222000A9690698641C88477F1E48F4002849F471
:102230008009CAF8004001D4282806D0E969069828
:1022400088475FEACB7012D022E0A9690698641C27
:1022500088477F1E01D4002803DAE9690698884779
:10226000BCE72928F1D1641CCAF80040E9E71BF05B
:10227000240F07D028680499031D2B600068C0E96B
:10228000001805E02868021D2A600068C0F8009068
:102290002046A5E70000F07F494E46494E49545973
:1022A0000000000001491820ABBEFEE72600020036
:1022B000B2F120030AD5C2F1200301FA02F120FA9B
:1022C00003F300FA02F041EA0301704700FA03F158
:1022D0004FF0000070473A2800D2303820F020023A
:1022E000412A01D3A2F13700884201D34FF0FF30D9
:1022F000704770475FEA400C08BF91F0000F4FEA4B
:102300008C234FEAC12243EA51514FEA1C5018BFB7
:1023100000F5F0404FEA300018BF41F000415FEA9D
:102320006C5C00F02980BCF1FF3F08BF40F08040AA
:102330007047130C06BF12044FF0100C4FF0000C46
:10234000130E04BF12020CF1080C130F04BF12018C
:102350000CF1040C930F04BF92000CF1020CD30F8C
:1023600004BF52000CF1010C11464FF00002A0F125
:102370001F00A0EB0C00704711F0004F08BF704722
:1023800031F000413FF4D5AF0B0C06BF09044FF00C
:10239000100C4FF0000C0B0E04BF09020CF1080CDE
:1023A0000B0F04BF09010CF1040C8B0F04BF890053
:1023B0000CF1020CCB0F04BF49000CF1010CCCF165
:1023C0002003A0EB0C0022FA03F302FA0CF241EA1C
:1023D000030100F10100704720F07F4C80EA030008
:1023E00023F07F47ACEB070303F57C5300F000407C
:1023F00003F1FF032DE980494FEA154B09B44FEA79
:10240000144325EA0B4E24EA03480FF2042606EB98
:10241000132749083E785FEA320203FB0667C7F5D7
:10242000000707FB06F64FEA54374FEAD64606F197
:10243000020607FB066CCCF1005C4FEA1C472CEA55
:10244000074C07FB06F40CFB06F504EB15464FEAB8
:10245000961634BF00204FF000404FEAD13706FBFC
:1024600007FC4FEA1C4C0CFB0BF7D21B03FB0CF7D1
:1024700061EB07010CFB0EF7B0EB074072EB174264
:102480000CFB08F734BFA2EB0742B2EB074261EB4B
:1024900017414FEA0C444FEA910706FB07FC4FEA4D
:1024A0001C4C0CFB0BF7B0EBC74072EB573203FB35
:1024B0000CF734BFA2EBC742B2EBC74261EB573116
:1024C0000CFB0EF7B0EBC70072EB57720CFB08F772
:1024D00034BFA2EBC702B2EBC70261EB5771039F97
:1024E0004FEA816141EA921104EBCC044FEAD13703
:1024F0004FEA826206FB07FC42EA90124FEA8060D4
:102500004FEA1C4C0CFB0BF7D21B03FB0CF761EBE7
:1025100007010CFB0EF7B0EB074072EB17420CFB08
:1025200008F734BFA2EB0742B2EB074261EB174159
:102530004FEA8C554FEA910704EB9C2406FB07FCFD
:102540004FEA1C4C0CFB0BF7B0EBC74072EB573259
:1025500003FB0CF734BFA2EBC742B2EBC74261EBFF
:1025600057310CFB0EF7B0EBC70072EB57720CFB48
:1025700008F734BFA2EBC702B2EBC70261EB577199
:1025800015EB4C254FEA816141EA92114FEA8262D4
:102590004FEAD13742EA901206FB07FC44F10004EF
:1025A0004FEA80604FEA1C4C0CFB0BF7D21B03FB7D
:1025B0000CF761EB07010CFB0EF7B0EB074072EB79
:1025C00017420CFB08F734BFA2EB0742B2EB0742FD
:1025D00061EB174115EB1C154FEA813141EA92413D
:1025E0004FEA823242EA90424FEA80304FEA0C765C
:1025F00044F1000448EA03434EEA0B484FF0000E52
:10260000B2EB080C71EB030724BF624639464EEB70
:102610000E0E4FF0000B0018524149414BEB0B0BD3
:10262000B2EB080C71EB03077BF1000B24BF624691
:1026300039464EEB0E0E4FF0000B00185241494147
:102640004BEB0B0BB2EB080C71EB03077BF1000BB0
:1026500024BF624639464EEB0E0E51EA020718BF00
:1026600046F0010616EB0E7655F1000254F100011A
:1026700003D5BDE88901BDE80088BDE88901BDE852
:102680000048B619524141EB0101A3F10103704723
:1026900080807F7E7D7C7B7A79787776767574739F
:1026A000727171706F6E6E6D6C6C6B6A6A6968685E
:1026B000676666656464636362616160605F5F5EF4
:1026C0005E5D5D5C5C5B5B5A5A595958585757566A
:1026D00056555555545453535252525151505050CF
:1026E0004F4F4F4E4E4D4D4D4C4C4C4B4B4B4A4A21
:1026F0004A49494948484847474747464646454565
:10270000454444444443434343424242424141419D
:1027100046EA0646A3F570534FEA164646EA425685
:102720004FEAD22242EA415210B54FEAD121A3F139
:10273000010300F02FF820F0004000F1020C00F03F
:10274000004701EB00501146BCF5006F40EA07005E
:1027500000D210BDBAF1000F0AD01CB503B44FF07F
:1027600004004FF004014FF000000FBCBDE8104022
:102770004FF00001BBF1010FB9BF04484FF0FF312A
:102780000348002140EA070010BD00BFFFFFEF7FB4
:102790000000F07F002B9C4630D477002BD01CB576
:1027A0004FEA370703B44FF010004FF01001BAF1B1
:1027B000000F06D0BCF1000FDCBF40F0080040F075
:1027C00008014FF000000FBCBDE810400BF1010BF9
:1027D000BBF1010F08BF5FEA170722BF12F1010228
:1027E00011F101014FF0004143F1000300F00040FE
:1027F00043EA00007047F9D35708D0E746EA064697
:1028000013F1400F4FEA16461FDD13F1200FDFBF13
:1028100016430A46002120335B42BED0C3F1200795
:1028200046EA064602FA07F74FEA164646EA070660
:10283000C3F1200722FA03F201FA07F721FA03F1A4
:102840004FF0000342EA0702A7E746EA020646EA1B
:1028500006464FEA164646EA0106BCBF46EA064669
:10286000360C4FF000034FF000024FF0000194E7E8
:102870002DE9804C9A46934670B491E8380007C819
:1028800031EA400C48BF34EA430C03D5FFF7A4FDFE
:10289000FFF780FFF0BCBDE8008C2DE9804C9A4624
:1028A000934670B491E8380007C831EA400C48BF3D
:1028B00034EA430C03D5FFF78FFDFFF729FFF0BC87
:1028C000BDE8008C2DE9804C9A46934670B491E89F
:1028D000380007C810F0804F08BF13F0804F03D1B5
:1028E00000F01AF8FFF756FFF0BCBDE8008C2DE9A8
:1028F000804C9A46934670B491E8380007C810F0AF
:10290000804F08BF13F0804F03D100F005F8FFF7A8
:10291000FFFEF0BCBDE8008C20F07F4780EA03009A
:1029200023F07F4C07EB0C03A3F57C5300F0004031
:10293000A3F1FE0392F0000F00F0B38095F0000FBA
:1029400000F077802DE901494FEA11404FEA144623
:1029500021EA004800FB06FC24EA064708FB06F6CD
:1029600007FB08F800FB07F718EB06484CEB164C82
:102970004FEA124B18EB07484FEA15464CEB17404D
:1029800022EA0B4E0BFB06FC25EA06470EFB06F679
:1029900007FB0EFE0BFB07F71EEB064E4CEB164C2F
:1029A0004FF000061EEB074E4CEB174B18EB0B08D5
:1029B00040F1000018EB0E0B58EB000840F100004E
:1029C0008F1A4FF000013CBFC943661B14BFB5EB23
:1029D000040C00213CBFC943F61B4FEA17444EEAE2
:1029E0008E0E27EA04454FEA1C4704FB07622CEAD7
:1029F000074C05FB07F70CFB05F604FB0CFC16EB7C
:102A0000074642EB174216EB0C4642EB1C421BEB0F
:102A1000060658EB0202414146EA9E0601D5BDE892
:102A20000189B619524141EB0101A3F10103BDE84F
:102A300001894FEA14454FEA114724EA054621EA85
:102A4000074C05FB07F406FB07F70CFB06F105FB3B
:102A50000CFC11EB074144EB17444FEA124711EB12
:102A60000C4144EB1C4422EA074C05FB07F206FB31
:102A700007F70CFB06F605FB0CFC16EB074642EBD2
:102A8000174216EB0C4642EB1C456A1854F1000144
:102A900048BF7047B619524141EB0101A3F1010350
:102AA000704795F0000F37D04FEA11424FEA1447B4
:102AB00021EA024624EA074C02FB07F106FB07F76E
:102AC0000CFB06F402FB0CFC14EB074441EB174132
:102AD0004FEA154714EB0C4441EB1C4125EA074C27
:102AE00002FB07F506FB07F70CFB06F602FB0CFCE6
:102AF00016EB074645EB174516EB0C4645EB1C421B
:102B0000121951F1000148BF7047B619524141EB0B
:102B10000101A3F1010370474FEA14454FEA114741
:102B200024EA054621EA074C05FB07F106FB07F7F7
:102B30000CFB06F24FF0000605FB0CFC12EB074203
:102B400041EB174112EB0C4251EB1C4148BF70475F
:102B5000921841EB0101A3F101037047FEE703F076
:102B6000ABF803F0A3FAFCE786B0234801F0C6F9FE
:102B70004FF0FF320021012006F088FB03F010FB2C
:102B800000F07EF803F0F2FA009000F043F809F04C
:102B900075FA824600F038F809F070FA834600F0C2
:102BA00057F809F06BFA814600F064F809F066FA0C
:102BB000804603F0BDFA09F061FA074603F0B2FA65
:102BC00009F05CFA064603F0BFFA09F057FA054629
:102BD00003F0B4FA09F052FA044603F0C1FA009B7C
:102BE0002A46CDE904A38DE8800B3346214603F045
:102BF000FDFE03F019FFBBE7500300200148006A07
:102C00007047000070000020014800697047000014
:102C100070000020014840697047000070000020EB
:102C20000148C06B70470000700000200148806BB5
:102C300070470000700000200148406B70470000A2
:102C4000700000200148006B7047000070000020F9
:102C50000148806870470000700000200148C06A89
:102C600070470000700000200148806A7047000033
:102C7000700000200148406870470000700000208C
:102C80002DE9FC4703F04EFA804603F051FA054661
:102C900003F066FA019003F051FA814603F05AFA04
:102CA000824603F02FF8494C002718B903F024F8A6
:102CB00000B9A76103F026F810B1A069401EA06119
:102CC00003F01AF80028A06901D0401CA061142666
:102CD000142801DDA66104E06FF01301884200DAD8
:102CE000A16103F015F818B903F018F800B9E7610D
:102CF00003F00EF810B1E0691E30E06103F00EF849
:102D00000028E06901D01E38E061962802DD962097
:102D1000E06104E06FF09501884200DAE16102F0C1
:102D2000F7FF10B902F0FAFF48B1E763606A10F1EB
:102D3000FF4F0CD22649884204DAA66107E02548F5
:102D4000E063F3E72449884201DA0A20A061009594
:102D5000D4E90C014346A26902F03CFF0546A0609D
:102D6000484609F08BF90646284609F087F9216A9A
:102D700009F01EF802460096D4E90A01019B02F010
:102D80007BFF6060504609F079F90246D4E90E01F4
:102D9000E36902F009FFE06061680A1A08440B4920
:102DA000C4E904201431081F02F0CEFAD4E904016A
:102DB00002F0E0FA054801A9203003F02DFA207056
:102DC000002801D002F050FFBDE8FC877000002011
:102DD0000000A0419A99193F000020420149086271
:102DE00070470000700000200149C8637047000070
:102DF00070000020014988637047000070000020C7
:102E000001494863704700007000002001490863D1
:102E100070470000700000200149C8627047000040
:102E20007000002001498862704700007000002097
:102E3000014800F0E5B800006C040020014800F0F3
:102E4000DFB800002804002030B590F8405001247D
:102E5000AC40C56B6C60046863604368102B03680A
:102E600003D099600068C26030BD9A600068C1609C
:102E700030BD704703F056F902461CA11D48FDF70E
:102E8000A3FA002110231B4A084602F04DFE03F06E
:102E90004FF9024618A11748FDF796FA1023154A74
:102EA0000221002002F040FE03F05AF908F054FF1E
:102EB00002460B4612A10F48FDF786FA10230D4A71
:102EC0000421002002F030FEFFF79EFE02460FA113
:102ED0000848FDF779FA0C23064A0621002002F083
:102EE00023FEC82006F036F9C4E700004C3A25342A
:102EF0006420200054020020523A2534642020002F
:102F0000526F6C6C3A252E31662020004D313A25E7
:102F1000346420200000000072B6FEE710B590F87F
:102F200021100022022905D00421816380F820208D
:102F3000012010BD01680B6823F00E030B600168CF
:102F40000B6823F001030B6090F84030C46B012143
:102F500001FA03F3636080F8211080F82020104606
:102F600010BD000010B590F821100024022903D0F4
:102F70000421816301243DE001680A6822F00E0209
:102F80000A6001680A6822F001020A601A4A0168B0
:102F9000914201D1012121E0174A1432914201D11D
:102FA00010211BE0144A2832914201D1891515E005
:102FB000114A3C32914201D189140FE00E4A50323D
:102FC000914202D14FF4803108E00B4A64329142C1
:102FD00002D14FF4801101E04FF08071064A083AA7
:102FE0005160012180F82110002180F82010416BF0
:102FF00001B18847204610BD08000240806B704731
:103000002DE9F05FC16B0C6801680B68D0F840C017
:10301000042202FA0CF2494DDFF824A1494E4A4F2E
:10302000DFF828B1DFF828E122422CD05A072AD550
:103030000A68920603D40A6822F004020A60016852
:10304000A94201D1042219E0514501D1402215E0E5
:10305000B14202D14FF4806210E0B94202D14FF484
:1030600080420BE0594502D14FF4802206E07145C1
:1030700002D14FF4800201E04FF080622F490839FD
:103080004A60C16A3BE04FF0020808FA0CF818EAFF
:10309000040F4FF000094FF0010235D05FEA83784A
:1030A00032D50B689B0605D40B6823F00A030B602E
:1030B00080F821200168A94201D1022219E051457E
:1030C00001D1202215E0B14202D14FF4007210E08C
:1030D000B94202D14FF400520BE0594502D14FF4EE
:1030E000003206E0714502D14FF4001201E04FF0CA
:1030F0000072124908394A6080F82090816A0029DC
:103100001AD0BDE8F05F0847082505FA0CF52542FE
:1031100012D01B0710D50B6823F00E030B6090F83C
:103120004010C36B02FA01F15960826380F82120DC
:1031300080F82090016BE2E7BDE8F09F08000240B4
:103140001C0002403000024044000240580002408F
:103150006C00024030B528B308C813491422194442
:10316000B1FBF2F18900C16310498163022141770B
:103170001A6843F6F0718A43D0E900142143D0E97C
:1031800002452C4321430469214344692143846956
:1031900021431143196000214163012242770177E5
:1031A000084630BD012030BDF8FFFDBF00000240E1
:1031B00070B5044690F82000002501280CD00120AD
:1031C00084F8200094F821600020012E06D084F8B5
:1031D00020000225284670BD022070BD022684F81A
:1031E0002160A0632068066826F00106066020467C
:1031F000FFF72AFEE06A00282068016802D041F04B
:103200000E0106E021F0040101602068016841F030
:103210000A0101602068016841F001010160D9E7FD
:1032200070B5044600F008F90546601C02D0044859
:103230000078044400F000F9401BA042FAD370BDAE
:10324000E80000202DE9F84FDFF8B8910024A9F13B
:10325000040B23460F2709F1040AABF1040EC9E061
:103260000125A5402A40AA427DD1674ED1F804C06D
:10327000ACEB0608B44532D014DCBCF1030F3AD0F5
:1032800009DCBCF1000F2AD0BCF1010F1CD0BCF14D
:10329000020F31D11DE0BCF1110F17D0BCF1120F9C
:1032A0002AD119E0B8F5881F19D006DCB8F5803F9F
:1032B00015D0B8F5801F1FD111E0B8F5001F0ED052
:1032C000B8F5041F18D10AE0CB6815E0CB681B1DC8
:1032D00012E0CB6808330FE0CB680C330CE08B684E
:1032E0002BB1012B4FF0080303D0456104E0042308
:1032F00002E0056100E00023FF2A01D8064601E054
:1033000000F104064FEA840501D9A5F12005D6F89D
:10331000008007FA05FC28EA0C0803FA05F548EADC
:103320000508C6F800804D68ED0062D5374DAE69DE
:1033300046F00106AE61AD6924F0030605F0010513
:103340000095334D06EB050CDCF80850A607360F48
:1033500007FA06F825EA0805DFF8B880404503D1EA
:103360004FF0000817E044E0DFF8AC80404502D1A0
:103370004FF001080FE0DFF8A480404502D14FF084
:10338000020808E0DFF89880404502D14FF00308BA
:1033900001E04FF0040808FA06F848EA0508CCF8FE
:1033A00008804D68D9F80060ED024D4601D51643FE
:1033B00000E096432E604D68DAF80060AD02554695
:1033C00001D5164300E096432E604D68DBF800609F
:1033D000AD035D4601D5164300E096432E604D686F
:1033E000DEF80060ED03754601D5164300E0964314
:1033F0002E60641C0D682A46E5407FF431AFBDE8BD
:10340000F88F000008040140000011100010024075
:103410000000014000080140000C01400010014084
:10342000001401408068084000D0012070470AB1B4
:10343000016170470904FBE701488068704700009C
:10344000E800002070B5040025D094F83D00002568
:1034500020B984F83C50204600F050F9242084F82C
:103460003D002068016821F00101016020680168C9
:1034700041F4004101602068016821F400410160CD
:1034800000F0A8FA4D4A6168914201D84C4900E029
:103490004C49884201D2012070BD4B492368B0FBE2
:1034A000F1F15E6826F03F060E435E60636893426A
:1034B00006D94FF4967359434FF47A73B1FBF3F185
:1034C0002368491C1E6A26F03F0631431962616871
:1034D000914210D84900401EB0FBF1F2521CC2F3D9
:1034E0000B02042A01D2042022E0B0FBF1F0401CC0
:1034F000C0F30B001CE0A268F2B301EBC10303EBC5
:103500000116431EB3FBF6F35B1C43F480431B051B
:1035100049D092B301EBC10202EB0111401EB0FB96
:10352000F1F0401CC0F30B0040F4804040F4004038
:103530002168CA694CF6FF739A431043C861D4E905
:10354000071001432068026822F0C00211430160A5
:10355000D4E9030101432068826848F2FF339A43AB
:1035600011438160D4E9050108432168CA6822F04B
:10357000FF021043C86001E00EE016E02068016819
:1035800041F0010101602564202084F83D0025639D
:1035900084F83E50002070BD01EB4106431EB3FB92
:1035A000F6F35B1CB3E70120C2E701EB4101401ECB
:1035B000B0FBF1F0401CC0F30B00B7E7A0860100A0
:1035C00080841E0000093D0040420F002DE9FF4F9E
:1035D00083B09A46DDE9119793460446DDF84080B2
:1035E000FFF72AFF054694F83D0020287FD11923D4
:1035F000012240492046009501F0BEFC002876D10A
:1036000094F83C00012872D0012084F83C00206826
:103610000168C90703D1016841F001010160206818
:10362000016821F400610160212084F83D00402000
:1036300084F83E0000262664C4F82480A4F82A906A
:10364000608D20852C48E062CDE9007553465A46CE
:103650002046049901F010FC70B930E02A46394642
:10366000204601F02FFD58B1206C042804D12068B9
:10367000016841F400710160012007B0BDE8F08FDE
:10368000606A216800780861606A401C6062218D70
:10369000491E89B22185628D521E62852268536956
:1036A000DB435B070BD469B100781061606A401C92
:1036B0006062208D401E2085608D401E6085208DBB
:1036C0000028CBD12A463946204601F029FC0028A3
:1036D000CAD154F83D0B016841F40071016020200B
:1036E00004F81E09E67766770020C6E7FFE70220A8
:1036F000C3E70000020010000000FFFF10B586B015
:1037000000210091019102910391006813498842C0
:1037100022D1134CA06940F00800A061A06969465D
:1037200000F0080004904FF44070009012200190C7
:10373000032003900B48FFF785FD0B48416841F0DB
:10374000E06141F002014160E06940F40010E06195
:10375000E06900F40010049006B010BD0054004071
:1037600000100240000C0140000001400248816846
:103770000278114481607047E8000020074810B5C6
:10378000016841F010010160032000F07BF80F2078
:1037900000F006F800F024F8002010BD00200240E0
:1037A00070B50D4D04464FF47A712878B1FBF0F0F6
:1037B0000A490968B1FBF0F000F0E2FA48B9102CB0
:1037C00007D200222146501E00F03CF800206C6019
:1037D00070BD012070BD0000E8000020F400002052
:1037E0000F4808B5816941F001018161816901F0EB
:1037F00001010091C16941F08051C161C06900229D
:1038000000F0805000900F21901E00F01BF805483A
:10381000416821F0E06141F00071416008BD0000A5
:103820000010024000000140002809DB00F01F02E8
:10383000012191404009800000F1E020C0F8001112
:1038400070470000F0B40E4B1B680C46C3F3022314
:10385000C3F10705042D00D90425191D072901D23C
:10386000002300E0DB1E012606FA05F1491E214077
:1038700099409E40761E16403143F0BC03F044B997
:103880000CED00E0064900F0070208684FF6FF0360
:10389000184040EA0220034A1043086070470000C5
:1038A0000CED00E00000FA052DE9F0470F46050099
:1038B00061D0434E306800F00700B84209D230684A
:1038C00020F0070038433060306800F00700B8424D
:1038D00051D128683B4C810712D5400703D5606859
:1038E00040F4E06060602878000703D5606840F429
:1038F000605060606068A96820F0F0000843606074
:103900002878C00728D06868012810D021680228CC
:1039100010D0890700292EDA616821F003010143E4
:103920006160FFF789FD804641F288390DE021682A
:103930008903EFE78901EDE7FFF77EFDA0EB0801C2
:10394000494502D90320BDE8F0876068696800F046
:103950000C00B0EB810FEFD1306800F00700B842E7
:103960000BD9306820F0070038433060306800F031
:103970000700B84201D00120E5E72878400705D5C7
:103980006068E96820F4E060084360602878000718
:1039900006D56068296920F4605040EAC100606083
:1039A00000F038F86168084AC1F30311515CC8405F
:1039B0000649086006480068FFF7F2FE0020C2E7EB
:1039C00000200240001002405EDB0008F4000020EE
:1039D000EC0000200448054900684968044AC1F326
:1039E0000221515CC8407047F400002000100240E2
:1039F0006EDB00080448054900684968044AC1F3C1
:103A0000C221515CC8407047F40000200010024001
:103A10006EDB00080E4A51680E4801F00C03042BBF
:103A200011D0082B0FD10C48C1F38343C903C05CEC
:103A30000AD55168084AC1F34041921E515C054ABB
:103A40005043B0FBF1F07047044948437047000011
:103A50000010024000127A004EDB000800093D0011
:103A60002DE9F84F040070D02078C04DC00749D030
:103A70006868C0F38100012807D06868C0F381003E
:103A8000022809D16868C00306D52868800339D5A3
:103A900060680028E7D035E06068B0F5803F0BD063
:103AA00010B1B0F5A02F11D0286820F48030286024
:103AB000286820F4802002E0286840F480302860E4
:103AC000606890B1FFF7B8FC06460AE0286840F449
:103AD00080202860F0E700BFFFF7AEFC801B642861
:103AE00073D828688003F7D50CE0FFF7A5FC0646DD
:103AF00005E000BFFFF7A0FC801B6428F0D8286811
:103B00008003F7D420789A4E80074FF001094FF0D8
:103B1000000839D5686810F00C0F07D06868C0F34A
:103B20008100022809D16868C00306D4286880078C
:103B300014D52069012808D110E02069B0B1C6F879
:103B40000090FFF779FC074605E00AE1FFF774FCF7
:103B5000C01B0228C4D828688007F7D52868616987
:103B600020F0F80040EAC10028600DE0C6F80080AF
:103B7000FFF762FC074604E0FFF75EFCC01B02286B
:103B800023D828688007F7D4207800072CD57948F7
:103B9000A169D9B1C0F80090FFF74EFC074604E0D8
:103BA000FFF74AFCC01B02280FD8686A8007F7D5C8
:103BB00071484FF4FA510068B0FBF1F0009000BF7B
:103BC0000098411E0091FAD20EE080E0C0F800801B
:103BD000FFF732FC074604E0FFF72EFCC01B02286B
:103BE00075D8686A8007F7D42078400760D5E869FF
:103BF0000027C00008D4E86940F08050E861E86917
:103C0000012700F0805000905C480168C90513D47A
:103C10000168834641F480710160FFF70DFC824624
:103C200006E000BFFFF708FCA0EB0A0064284ED8AE
:103C3000DBF80000C005F5D5E06801280AD008B11E
:103C4000052813D0286A20F001002862286A20F095
:103C5000040002E0286A40F001002862E06841F2B6
:103C6000883B98B1FFF7E8FB82460BE0286A40F0FA
:103C700004002862EEE700BFFFF7DEFBA0EB0A01BD
:103C800059455AD8286A8007F6D50CE0FFF7D4FBCF
:103C9000824605E0FFF7D0FBA0EB0A0159454CD85E
:103CA000286A8007F6D41FB1E86920F08050E861E7
:103CB000E06988B36968C1F38101022944D0022810
:103CC000C6F8608004D0FFF7B7FB044638E034E064
:103CD000FFF7B2FB074604E0FFF7AEFBC01B02286C
:103CE0002BD828688001F7D4206AB0F5803F05D131
:103CF0006868A16820F4003008436860D4E90801CE
:103D00000843696821F4741108436860C6F860903C
:103D1000FFF792FB044606E025E000BFFFF78CFBAF
:103D2000001B022809D828688001F7D51BE000BFD6
:103D3000FFF782FB001B022802D90320BDE8F88FA1
:103D400028688001F4D40EE00128F7D06868226A60
:103D500000F48031914204D1616A00F4701088420D
:103D600001D00120EAE70020E8E70000001002404F
:103D70000000424280044242F400002000700040F3
:103D800010B5401EB0F1807F01D3012010BD4FF06F
:103D9000E02460610F21601702F0B6FE0020A061F0
:103DA00007202061002010BD7047704710B590F8C3
:103DB0003C20012A22D0012280F83C20CA688C686D
:103DC00022F4407222434C6822F4806222430C6841
:103DD00022F4006222430C6922F4805222434C698F
:103DE00022F400522243C969002322F480420A438C
:103DF00001684A6480F83C30002010BD022010BDEC
:103E000070B590F83C20012A26D0012480F83C406F
:103E1000022280F83D2003685A689D6822F07006EF
:103E20000A6832435A600D4B02689A4208D0B2F1D8
:103E3000804F05D00A4B9A4202D00A4B9A4204D1D5
:103E4000496825F080031943916080F83D400021C6
:103E500080F83C10084670BD022070BD002C014067
:103E6000000400400008004010B5040003D094F89E
:103E70003D0010B107E0012010BD002084F83C0097
:103E8000204600F01FF8022084F83D00211D206824
:103E900002F026FA012084F8460084F83E0084F8F7
:103EA0003F0084F8400084F8410084F8420084F820
:103EB000430084F8440084F8450084F83D00002065
:103EC00010BD000008B500680A49884210D10022E0
:103ED00005211D20FFF7B6FC1D20FFF7A5FC0648B5
:103EE000C16941F00201C161C06900F002000090A7
:103EF00008BD0000000400400010024090F83D1092
:103F0000012901D001207047022180F83D1001688D
:103F1000CA6842F00102CA6000680B49884208D0B2
:103F2000B0F1804F05D00949884202D00849884243
:103F300004D1816801F00701062903D0016841F02E
:103F40000101016000207047002C01400004004086
:103F50000008004070B5044690F83C000025012898
:103F600017D0012684F83C60022084F83D002068C8
:103F7000826822F0770222F47F428260086850282B
:103F800038D00DDC20284FD005DC90B3102811D19B
:103F90004AE0022070BD302846D040280AD13BE0DC
:103FA00060282FD070280DD0B0F5805F03D0B0F519
:103FB000005F12D0012584F83D60002084F83C00A9
:103FC000284670BDCB68D1E90121206802F0CBF909
:103FD0002068816841F0770109E0CB68D1E90121CF
:103FE000206802F0C0F92068816841F48041816056
:103FF000E1E719E0CA684968206802F069FA5021CF
:10400000206806E0CA684968206802F09FFA6021CB
:10401000206802F0B2F9CEE7CA684968206802F069
:1040200057FA40212068F4E7226801461046F0E77D
:104030002DE9F0410D46040003D094F83D0018B17D
:1040400008E00120BDE8F081002084F83C00204613
:1040500000F040F8022084F83D002068816844F2B6
:10406000070291438160211D206802F039F922681E
:1040700090689169166A2B68AF69034340F2033078
:10408000814341EA0721A868EF6908434FF6FC41E4
:104090008843E96840EA0720014328692F6A000144
:1040A00040EA0730084369686D6926F0220646EA4F
:1040B0000515294393602268906154F8460B01620C
:1040C000012004F81F09E0752076E0762077A075BE
:1040D0000020B7E700B585B0002100910191029161
:1040E000039101681A48B1F1804F1BD0194A9142DF
:1040F00016D1C16941F00401C161C16901F0040137
:104100000491816941F0080181618069694600F08C
:1041100008000490C02000900F4800BFFFF792F8FD
:1041200005B000BDC16941F00101C161C16901F083
:1041300001010491816941F004018161806969464E
:1041400000F004000490032000900448E6E700001B
:104150000010024000080040000C0140000801402F
:1041600070B590F83E60044690F83F5090F84230A9
:1041700090F84320022021B104290ED0012E1BD13A
:1041800014E0012E18D1012B16D184F83E0084F8DA
:10419000420001220021206820E0012D0CD1012ADB
:1041A0000AD184F83F0084F8430014E0012D03D1C4
:1041B000012B01D1012A01D0012070BD84F83E00FD
:1041C00084F83F0084F8420084F843000122002173
:1041D000206802F0BBF801220421206802F0B6F842
:1041E0002068016841F001010160002070BD0000FD
:1041F00070B5244A0168914230D1017F02292DD146
:10420000214C217869B1C568042120486D1C00F05B
:10421000C7FAA16862886943904262881FD3801AF6
:104220001FE00421194800F0BBFA60800020A06064
:1042300001202070154801680A6A22F0A0020A6273
:1042400001680A6A42F020020A6202686FF0010106
:1042500011610068C16841F00101C16070BD101AB0
:10426000281A451801F044FF4DB1284607F01EFFFB
:10427000074907F005FE074907F002FE00E006487F
:10428000606070BD002C014054000020C00200207E
:104290000000904200006842000080BF2DE9F0411C
:1042A000054690F83C0000260C46012810D001205D
:1042B00085F83C0072B1042A1CD0082A2CD00C2AA4
:1042C00050D00126002085F83C003046BDE8F08142
:1042D0000220FBE7D4E90012E368286802F00AF93B
:1042E0002868816921F00C01816128688169A268D0
:1042F00011430FE0D4E90012E368286802F038F9AE
:104300002868816921F44061816128688169A26817
:1043100041EA02218161D5E72868D4E9002C277B96
:10432000036A016A21F480710162C16923F4007398
:1043300021F0030141EA0C0121F0F00C39074FF4A0
:1043400000774CEA116107EA02221A43C161026256
:104350002868C16921F00C01C1612868C169A2689F
:1043600011432BE02868D4E90021E768036AD0F8FC
:1043700020C02CF4805CC0F820C0D0F81CC023F40E
:1043800000532CF4407C4CEA012121F4704C4FF690
:10439000FF7101EA07314FF4005741EA0C0107EAC7
:1043A00002321A43C16102622868C16921F4406186
:1043B000C1612868C169A26841EA0221C16181E73F
:1043C00070B50446006801694FF00005C9438907CC
:1043D00015D4C168C943890711D4E91E01610120C0
:1043E0002077206880698007204602D0FFF700FF11
:1043F00004E000F0C7F8204600F06CF9257720684B
:104400000169C943490717D4C168C943490713D48F
:104410006FF004010161022020772068806910F4A8
:10442000407F204602D0FFF7E3FE04E000F0AAF848
:10443000204600F04FF9257720680169C943090734
:1044400016D4C168C943090712D46FF0080101618D
:10445000042020772068C0698007204602D0FFF73B
:10446000C7FE04E000F08EF8204600F033F925770F
:1044700020680169C943C90617D4C168C943C90680
:1044800013D46FF010010161082020772068C06903
:1044900010F4407F204602D0FFF7AAFE04E000F0AF
:1044A00071F8204600F016F9257720680169C943A4
:1044B000C90708D1C168C943C90704D1891E016170
:1044C000204600F057F920680169C943090609D45C
:1044D000C168C943090605D46FF080010161204617
:1044E000FFF762FC20680169C943490609D4C16825
:1044F000C943490605D46FF040010161204600F030
:1045000064F920680169C94389060BD4C168C943AD
:10451000890607D46FF0200101612046BDE8704094
:10452000FFF743BC70BD000010B586B000210091BC
:1045300001910291039100680F49884219D14015F9
:104540000E4C009069462046FEF77CFE0C498869B7
:1045500040F0040088618869022100F004000490A2
:104560004FF41060CDE90001039169462046FEF743
:1045700069FE06B010BD0000002C0140000801409B
:1045800000100240704770B5044690F83C000026C9
:104590000D4601280FD0012084F83C006AB1042A9E
:1045A0001DD0082A2FD00C2A3FD00126002084F8E5
:1045B0003C00304670BD022070BD206801F0E6FE70
:1045C0002068816941F0080181612068816921F0DA
:1045D00004018161206881692A69114311E0206822
:1045E00001F0FCFE2068816941F40061816120686E
:1045F000816921F480618161206881692A6941EAC9
:1046000002218161D2E7206801F014FF2068C169AE
:1046100041F00801C1612068C16921F00401C16154
:104620002068C1692A69114311E0206801F02EFF5A
:104630002068C16941F40061C1612068C16921F449
:104640008061C1612068C1692A6941EA0221C161B2
:10465000ACE710B5040003D094F83D0010B107E0BA
:10466000012010BD002084F83C00204600F01EF818
:10467000022084F83D00211D206801F031FE012058
:1046800084F8460084F83E0084F83F0084F8400037
:1046900084F8410084F8420084F8430084F8440020
:1046A00084F8450084F83D00002010BD08B500687E
:1046B0000649884208D10648816941F40061816158
:1046C000806900F40060009008BD0000002C0140EB
:1046D000001002407047000010B50446022249B1A4
:1046E00004290ED0082913D094F84100012816D0CF
:1046F000012010BD94F83E000128F9D184F83E2035
:104700000FE094F83F000128F2D184F83F2008E040
:1047100094F840000128EBD184F8402001E084F8AF
:1047200041200122206801F011FE0F4920688842D3
:1047300003D1426C42F4004242642068884208D0AF
:10474000B0F1804F05D00949884202D0084988421B
:1047500004D1816801F00701062903D0016841F006
:1047600001010160002010BD002C01400004004048
:104770000008004000680749884204D1064801212A
:10478000406804F03DBD0549884201D101F0A6BC56
:104790007047000000040040D8000020002C0140B9
:1047A0000246002041B1042909D008290AD00C2969
:1047B00001D11068006C70471068406B704710683A
:1047C000806B70471068C06B7047704738B50446FF
:1047D00090F84200202801D0022038BD61B15AB1C2
:1047E0000120206300206063204602F073F8002857
:1047F000F3D1216B012901D0012038BD21680A685D
:104800004968009121680C3151E8002F42F01002F4
:1048100041E80023002BF5D138BD000038B504462F
:10482000002000900E4A2068904218D10D48806800
:1048300028B121B10A466B460B4906F0AEF880223A
:1048400009492046FFF7C2FF0098002807D0074912
:104850004FF080500860BFF34F8FBFF36F8F38BDAC
:1048600000480040CC0000209401002004ED00E04E
:1048700070B5044620680C3050E8001F21F4907198
:1048800040E80012002AF5D12068143050E8001FDB
:1048900021F0010140E80012002AF5D1206B012827
:1048A00009D120680C3050E8001F21F0100140E8C9
:1048B0000012002AF5D1206840694FF0000540063B
:1048C00015D52068143050E8001F21F0400140E861
:1048D0000012002AF5D1E06B48B14563E06BFEF7AA
:1048E0001DFB20B1E06BFEF789FB202806D0E58593
:1048F000202084F842002563002070BD10206064F1
:10490000032070BD38B5044601680F4881421AD1B2
:104910000868486800900868486800900868486817
:104920000090086848680090204600F011F82028A0
:1049300002D02046FFF79CFF2046BDE83840802289
:104940000249FFF743BF38BD0048004094010020F2
:1049500010F8411F4078084370470000F8B501681F
:1049600004460868CA684B6910F00F0F4FF0000545
:1049700059D003F0010602F49077374365D0C107A0
:1049800005D0D10503D5616C41F001016164410797
:1049900005D5D90703D0616C41F00201616481073C
:1049A00005D5D90703D0616C41F0040161640107AA
:1049B00007D502F02001314303D0616C41F00801BA
:1049C0006164616C00293AD0800604D5900602D556
:1049D000204601F0C2FE20684069616CC0F380107F
:1049E000090700D460B3204601F082FE20684069C8
:1049F000400621D52068143050E8001F21F0400106
:104A000040E80012002AF5D1E06BA8B16D4941637E
:104A1000E06BFEF7A7FA002811D0E06B416B01B004
:104A2000BDE8F040084783060FD593060DD5204614
:104A3000BDE8F84001F091BE2046FFF763FFF8BDE6
:104A40002046FFF75FFF6564F8BD266B2023012E2B
:104A50007CD1C6067AD5D60678D508684868009015
:104A600048694FF00206400640D5E16B086840688F
:104A70000004000CE8D0A28D8242E5D9E085886967
:104A800020282DD020680C3050E8001F21F48071C0
:104A900040E80012002AF5D12068143050E8001FC9
:104AA00021F0010140E80012002AF5D120681430FD
:104AB00050E8001F21F0400140E80012002AF5D123
:104AC00084F84230256320680C3050E8001F21F044
:104AD000100140E80012002AF5D1E06BFEF71EFA43
:104AE0006663A08DE18D401A81B22AE0A08DE18D30
:104AF000401A81B2E08D0028A6D00029A4D02268F7
:104B00000C3252E8000F20F4907042E80007002FAA
:104B1000F5D12068143050E8002F22F0010240E85F
:104B20000027002FF5D184F84230256320680C302F
:104B300050E8002F22F0100240E80023002BF5D1AE
:104B400066632046FFF76AFEF8BDFFE705062BD532
:104B5000150629D594F841002128F5D1A068B0F5B3
:104B6000805F01D12069B0B1206A411C21622168B7
:104B700000784860E08C401E0004000CE084E3D123
:104B80002068C16821F08001C1602068C16841F0DF
:104B90004001C160D8E7206A0088C0F3080048607F
:104BA000206A801C2062E5E74006CDD55006CBD5B3
:104BB000CA68204622F04002CA6084F8413000F002
:104BC00033F9C1E7A765000870B5040004D094F874
:104BD0004100002510B106E0012070BD84F840506E
:104BE000204600F023F8242084F841002068C168A2
:104BF00021F40051C160204601F010FE20680169D7
:104C000021F4904101612068416921F02A0141614C
:104C10002068C16841F40051C1606564202084F8B7
:104C2000410084F842006563002070BD2DE9F04129
:104C300086B0002406460094019402940394006810
:104C40002E49884257D12E48C16941F48021C16163
:104C5000C16901F480210491816941F008018161F9
:104C60008069284D00F0080004904FF480600090A7
:104C7000022001900320039069462846FEF7E2FADD
:104C8000E814CDE90004694628460294FEF7DAFAF2
:104C90001E4D1D484FF08008C5E90004C5E90248D3
:104CA0002C6187146C61C5E906472846FEF752FA65
:104CB00008B1FEF731F9F5636E62144D12484435C0
:104CC000143801C51020A5E81101104845F8104915
:104CD00044306C61C5E90647FEF73CFA08B1FEF7BF
:104CE0001BF9B5630022052127206E62FEF7AAFD9D
:104CF0002720FEF799FD06B0BDE8F081004800408E
:104D000000100240000C0140300002402804002046
:104D1000704770472DE9F843044690F841001F465C
:104D200016460D46202802D00220BDE8F8837DB14A
:104D300076B100206064212084F84100FEF77CFBFE
:104D4000A6848046E684A068B0F5805F02D003E0C8
:104D50000120EAE7206910B12E4600250EE000266A
:104D60000CE08021204601F0FDFDA0B9AEB116F89F
:104D7000010B21684860E08C401EE084E08C4346D3
:104D80004FF0000200970028EBD14FF04001204681
:104D900001F0E8FD30B10320C7E735F8020BC0F39E
:104DA0000800E6E7202084F841000020BDE700006D
:104DB00070B5044690F84100202801D0022070BD53
:104DC00049B342B32162A284E284002060642123BB
:104DD00084F84130A56B114BAB62A56B104BEB62B5
:104DE000A56B104B2B63A36B5863256813462A1DD4
:104DF000A06BFEF7DDF921686FF0400008602068C5
:104E0000143050E8001F41F0800140E80012002AF1
:104E1000F5D1002070BD012070BD0000A56600081E
:104E2000E7660008B765000800680449884203D1B6
:104E30000349002081F854007047000000480040FA
:104E4000B00400207047FEE701684A69D24352056A
:104E50000FD46FF480624A61002140F8301F202295
:104E600042738173026942F00402026101730120FE
:104E700070470020704700002DE9F84304460068A1
:104E80000D46DDE9089701689846164641F48071A1
:104E900001604B4600224FF001112046009700F0C0
:104EA0006BF848B120680068C00502D54FF4007067
:104EB00020640320BDE8F883216805F0FE00086146
:104EC0003B464A461549204600F09EF888B92068BE
:104ED0004169806900903A464946204600F0F2F860
:104EE00048B1206C042804D12068016841F40071A5
:104EF00001600120DEE7F5B2B8F1010F09D02168A9
:104F0000300A08613A464946204600F0DBF800289E
:104F1000E7D1206805610020CCE700000200010015
:104F200070B516460D4604461EE02046FFF78CFF7E
:104F300008B1012070BD681C16D0FEF77DFA801BF9
:104F4000A84200D885B920684069C04340070BD506
:104F5000002044F8300F20216173A073216941F0D3
:104F6000200121612073E4E720684069C0434007C5
:104F7000DBD4002070BD00002DE9F04798461746AD
:104F80000D460446C1F30746DDF820902AE000BF35
:104F9000B8F1FF3F26D0FEF74FFAA0EB09014145DB
:104FA00002D8B8F1000F1DD12068012E16D08069FB
:104FB00025EA00000004000C12D00020B84211D1F4
:104FC000002044F8300F20216173A073216941F063
:104FD0002001216120730120BDE8F0874069E7E7E7
:104FE0000120EBE72068012E0AD0806925EA000045
:104FF0000004000C06D00020B842C9D00020EBE726
:105000004069F3E70120F7E72DE9F0479846164697
:105010000D4604464FF000094FF0200AC1F3074740
:1050200023E020684069C043400515D4206801682A
:1050300041F40071016021686FF480604861C4F838
:10504000309084F83DA084F83E90216C41F004013A
:10505000216484F83C9021E0701C06D0FEF7ECF946
:10506000A0EB0800B04203D816B1012F1FD021E0F9
:105070002068012F15D0806925EA00000004000C8B
:1050800018D000BF44F8309F84F80DA084F80E902B
:10509000216941F02001216184F80C900120BDE8D4
:1050A000F087406925EA00000004000CEAD120687E
:1050B000406901E02068806925EA00000004000CD6
:1050C000AFD1ECE770B516460D4604461EE020460B
:1050D000FFF7BAFE08B1012070BD681C16D0FEF7BC
:1050E000ABF9801BA84200D885B920684069C0434D
:1050F00000060BD5002044F8300F20216173A07307
:10510000216941F0200121612073E4E720684069B2
:10511000C0430006DBD4002070BD000010B50E4C6B
:10512000002208212046FEF782F900F017F801223C
:1051300010212046FEF77BF900F010F80022102124
:105140002046FEF774F900F009F820460122BDE878
:1051500010400821FEF76BB9000C01400020401CF4
:10516000C0B20A28FBD370470C4800B5816985B0EE
:1051700041F0080181618069694600F008000490EF
:105180001820009003200390112001900448FEF79E
:1051900059F800F09DF805B000BD00000010024075
:1051A000000C014010B50C4C012208212046FEF7EE
:1051B0003EF9FFF7D3FF012210212046FEF737F911
:1051C000FFF7CCFF002210212046FEF730F9BDE8A2
:1051D0001040FFF7C3BF0000000C01402DE9F04173
:1051E0000024134E074625466006040E01221021B6
:1051F0003046FEF71CF9FFF7B1FF08213046FEF7F5
:1052000011F908B1641CE4B2002210213046FEF707
:105210000EF9FFF7A3FF6D1CEDB2082DE4D327B103
:10522000FFF77CFF2046BDE8F081FFF7BBFFF9E701
:10523000000C014070B5154E05460024280601D526
:10524000012200E0002208213046FEF7F0F8FFF7C7
:1052500085FF012210213046FEF7E9F8FFF77EFFB7
:10526000002210213046FEF7E2F8072C04D101227B
:1052700008213046FEF7DBF86806050EFFF76EFFE3
:10528000641CE4B2082CD9D370BD0000000C0140AE
:1052900010B50E4C012208212046FEF7C8F8012265
:1052A00010212046FEF7C3F8FFF758FF002208211F
:1052B0002046FEF7BCF8FFF751FF002210212046E0
:1052C000FEF7B5F8BDE81040FFF748BF000C0140FD
:1052D00010B50A4C002208212046FEF7A8F801224A
:1052E00010212046FEF7A3F8FFF738FF20460122E1
:1052F000BDE810400821FEF79AB80000000C0140FC
:1053000070B5104D012208212846FEF790F8FFF7EE
:1053100025FF012210212846FEF789F8FFF71EFF1E
:1053200008212846FEF77EF808B1012400E0002499
:10533000002210212846FEF77AF8FFF70FFF2046DB
:1053400070BD0000000C014010B54FF4E15304683B
:105350005A429C4201DD036002E0944200DA02609E
:105360000868984201DD0B6010BD9042FCDA0A60CB
:1053700010BD00002DE9F0410D461B4C06004FF416
:1053800000514FF4805705D501222046FEF74FF813
:10539000002204E000222046FEF749F801223946A7
:1053A0002046FEF744F8304601F0A6FC0F4E316867
:1053B00008644FF480414F00002D05DA0122204699
:1053C000FEF735F8002204E000222046FEF72FF811
:1053D000012239462046FEF72AF8284601F08CFCC7
:1053E00031684863BDE8F081000C0140C002002034
:1053F0007CB514460D4606466B46062243216820BE
:1054000000F068F800280BD1BDF8001049BA3180CF
:10541000BDF8021049BA2980BDF8041049BA2180AC
:105420007CBD10B5FFF7A0FE80216B2000F0C1F815
:105430006420FDF7F5FE00216B2000F0BAF8032090
:1054400000F083F8002000F07BF8642000F09AF868
:105450000021382000F0ADF800216A2000F0A9F802
:105460000021232000F0A5F88021372000F0A1F8CA
:10547000752000F011F8682801D0012010BD01212D
:105480006B2000F096F800216C2000F092F8642068
:1054900000F078F8002010BD10B50446FFF7F8FEC4
:1054A000D020FFF7C7FEFFF72BFF2046FFF7C2FE15
:1054B000FFF726FFFFF7ECFED120FFF7BBFEFFF75B
:1054C0001FFF0020FFF78AFE0446FFF701FF20467A
:1054D00010BD00002DE9F0411D4614460F4606465A
:1054E000FFF7D6FE7006000EFFF7A4FEFFF708FFD9
:1054F00020B1FFF7EDFE0120BDE8F0813846FFF74F
:1055000099FEFFF7FDFEFFF7C3FE012000EB46000A
:10551000C0B2FFF78FFEFFF7F3FE09E0012C0DD0BC
:105520005FF00100FFF75AFE641E05F8010BE4B2BC
:10553000002CF3D1FFF7CCFE0020DDE70020F1E7DF
:10554000C006010E1C2000F034B8C006010E1B205E
:1055500000F02FB8BC2801D3012110E0622801D34C
:1055600002210CE02A2801D3032108E0142801D3EA
:10557000042104E00A2801D3052100E006211A20B5
:1055800000F017B810B504464FF47A70844201D980
:10559000044602E0042C00D20424B0FBF4F0401EC8
:1055A000C1B2192000F005F86008BDE81040FFF70F
:1055B000D1BF70B50C460546FFF76AFED020FFF755
:1055C00039FEFFF79DFE50B92846FFF733FEFFF77F
:1055D00097FE2046FFF72EFEFFF792FE18B1FFF769
:1055E00077FE012070BDFFF773FE002070BD2DE92E
:1055F000F0411E4615460F460446FFF749FE600679
:10560000000EFFF717FEFFF77BFE60B93846FFF785
:1056100011FEFFF775FE00240CE0305DFFF70AFE77
:10562000FFF76EFE20B1FFF753FE0120BDE8F081C9
:10563000641CE4B2AC42F0D3FFF74AFE0020F5E769
:105640000D4808B5416941F00101416140690022FE
:1056500000F00100009005210C20FEF7F3F80C206B
:10566000FEF7E2F8002205210D20FEF7EBF8BDE879
:1056700008400D20FEF7D8B80010024010B50E4AC1
:1056800000210E4803F05AFE0D4C0B4A0021206009
:1056900024320C4803F052FE074A60604832002171
:1056A000094803F04BFE044AA0606C320021074811
:1056B00003F044FEE06010BDBCDA0008116200088F
:1056C000D8000020692B00085F2B0008752E000809
:1056D0002DE9F04186B000242948009401940294F9
:1056E0000394816941F010018161816901F0100129
:1056F0000491816941F020018161816901F02001FB
:105700000491816941F004018161816901F0040122
:105710000491816941F0080181618069194F00F0AD
:1057200008000490002208213846FDF780FEDFF8CB
:1057300058804FF21806002231464046FDF777FEAA
:1057400008200125CDE900050320CDE90240694686
:105750003846FDF777FD0220CDE90240CDE900652E
:1057600069464046FDF76EFD202000900748CDE9D0
:10577000010569464046FDF765FD06B0BDE8F081CC
:105780000010024000080140000C01400000211000
:105790000D4810B50B4901600C49416000214FF4E0
:1057A00080428160C0E9031241618161C16101628F
:1057B000FDF748FE002803D0BDE81040FDF7ACBB64
:1057C00010BD0000005400406C020020A0860100C3
:1057D00010B596B0002413941C2168461494FBF76E
:1057E00000F8202107A8FAF7FCFF34483249C0E945
:1057F000001441F61F41C0E9024104614461846123
:10580000FEF727FF08B1FDF787FB139413A92B4878
:105810001494FEF7F5FA08B1FDF77EFB60200090C6
:105820004FF4E150CDE9010403940494059400225F
:10583000694622480694FEF7A6FE08B1FDF76CFB08
:105840000C2269461D480194FEF79DFE08B1FDF744
:1058500063FB0794089409944FF400500A94CDE92F
:105860000B4007A915480E94FEF7A0FA08B1FDF702
:1058700053FB012010900F94119404220FA912944D
:105880000E48FEF70BFD08B1FDF746FB002205218F
:105890001B20FDF7D7FF1B20FDF7C6FF00220521C7
:1058A0001920FDF7CFFF1920FDF7BEFF0348FEF7D3
:1058B0003BFE16B010BD0000002C0140C0020020CD
:1058C00010B58CB024216846FAF78BFF00241548E8
:1058D00009944FF080410A94C0E900144FF6FF711B
:1058E000C0E90241046184610320CDE90004012084
:1058F000CDE902040494CDE90540079469460948BE
:105900000894FEF795FB08B1FDF706FB099409A979
:1059100004480A94FEF774FA002801D0FDF7FCFA57
:105920000CB010BD0803002010B586B00024174845
:105930000094019402940394049413490594016023
:1059400040F2CF21C0E9011440F2E731C0E903146D
:105950008461FEF789FA08B1FDF7DEFA4FF4805052
:10596000009069460948FEF7F5FA08B1FDF7D4FA48
:10597000049404A905480594FEF742FA002801D0D2
:10598000FDF7CAFA06B010BD000400405003002025
:1059900010B58CB024216846FAF723FF002416487E
:1059A000099414490A94C0E900144FF6FF71C0E944
:1059B0000241046184610320CDE900040120CDE9A6
:1059C00002040494CDE90540079469460A48089406
:1059D000FEF72EFB08B1FDF79FFA099409A90648C6
:1059E0000A94FEF70DFA002801D0FDF795FA0CB0E5
:1059F00010BD000000080040980300200C4810B5BE
:105A00000A4901604FF4E1314160002181600C22BC
:105A1000C160C0E904128161C161FFF7D5F80028B7
:105A200003D0BDE81040FDF777BA10BD0048004034
:105A3000E0030020FEE7FEE770B5002404F1B000AB
:105A4000C0B200F08DF8002000F08AF8102000F0BD
:105A500087F80025002000F095F86D1CEDB2802D30
:105A6000F8D3641CE4B2082CE8D370BD10B5C8208C
:105A7000FDF7D6FBBDE8104001F018B810B504469C
:105A8000B031C8B200F06CF8102040EA141000F0F9
:105A900067F804F00F00BDE8104000F061B80000A6
:105AA0002DE9F041203A00240D468046D6B27F28E9
:105AB00003D900208D1C8046EDB2102B29460FD053
:105AC000FFF7DCFF164906EB460001EB4005285DB9
:105AD00000F058F8641CE4B2062CF8D3BDE8F0815D
:105AE000FFF7CCFF0F4F00BF04EB0610385C00F04F
:105AF00049F8641CE4B2082CF6D36D1CE9B24046A8
:105B0000FFF7BCFF5FF0000404EB06103844007A96
:105B100000F038F8641CE4B2082CF5D3DEE700008E
:105B2000ACC40008D4C600082DE9F04198461746D9
:105B30000E46044600250DE0434631462046FFF759
:105B4000AFFF0834E4B2782C02D90024B61CF6B2B8
:105B50006D1CEDB27A5D002AEED1BDE8F081000047
:105B600001B584B001214FF4807204A88DE80700CC
:105B70000B46002278210248FDF728FD05B000BD44
:105B80006C02002001B584B001214FF4807204A89A
:105B90008DE807000B46402278210248FDF716FDEC
:105BA00005B000BD6C02002070B51E460B460546D0
:105BB0001146184606F08EFA0446304606F05EFAA4
:105BC000294606F087FA214606F0F2F8BDE8704053
:105BD00006F018BA2DE9F04780460898214C184481
:105BE000861A8946206806F049FAE1680F4606F0F1
:105BF00071FA0546304606F041FA064639464FF03E
:105C00007E5006F033FB314606F064FA294606F072
:105C1000CFF806F0F7F905462060A0681D303B2854
:105C20000AD2606844F6206128446060884202DC41
:105C30004942884200DA6160606806F01FFA49460E
:105C400006F048FA0646284606F018FA414606F0DD
:105C500041FA314606F0ACF806F0D4F9A060BDE890
:105C6000F0870000600000200248002101604160D0
:105C700081607047600000202DE9F04117460A4618
:105C800005461E461046069906F024FA0446394693
:105C9000304606F0EBFA294606F01CFA214606F0DB
:105CA00087F8BDE8F04106F0ADB90168486A002206
:105CB00000B24A627047000010B50C4CA06830B9C1
:105CC00001210022080204F0D5FDA06030B1BDE83A
:105CD0001040802206490748FEF778BD502080F327
:105CE0001188BFF34F8FBFF36F8FFEE7CC0000200A
:105CF00094010020E00300200148807870470000F4
:105D0000CC0000200148407870470000CC00002003
:105D10000148C07870470000CC000020014800799D
:105D200070470000CC00002010B5012300220E496E
:105D3000082816D2DFE800F01504150B1508151019
:105D40004B708A70CA700AE04A708B70FAE74A702A
:105D50008A70CA700B7110BD4A708A70CB700A715C
:105D600010BD4A70EDE70000CC0000202DE9F04F97
:105D7000824C8DB000212154032281A12046FAF7E4
:105D80008DFC002835D003227EA12046FAF786FC40
:105D9000002840D003227CA12046FAF77FFC00288F
:105DA0004BD0032279A12046FAF778FC002856D080
:105DB000032277A12046FAF771FC002861D0032264
:105DC00074A12046FAF76AFC00286CD0092272A15F
:105DD0002046FAF763FC002879D072A12046FAF732
:105DE00027FD002872D00DB06FA0BDE8F04F00F085
:105DF00037B9E0783D2806D1201D01F0C9FA05F039
:105E0000DDF9FDF70FF8FCF72FFF05F0A5FF0246BF
:105E10000B4667A06DE0E0783D2806D1201D01F01B
:105E2000B7FA05F0CBF9FCF7F7FFFCF717FF05F021
:105E300093FF02460B4661A05BE0E0783D2806D167
:105E4000201D01F0A5FA05F0B9F9FCF7DFFFFCF71A
:105E5000F9FE05F081FF02460B465BA049E0E078C1
:105E60003D2806D1201D01F093FA05F0A7F9FCF7B3
:105E7000C7FFFCF7E1FE05F06FFF02460B4655A099
:105E800037E0E0783D2806D1201D01F081FA05F0C9
:105E900095F9FCF7AFFFFCF7C9FE05F05DFF024680
:105EA0000B464FA025E0E0783D2806D1201D01F0EB
:105EB0006FFA05F083F9FCF797FFFCF7B1FE05F0E8
:105EC0004BFF02460B4649A013E000E016E0607A63
:105ED0003D2807D129480A3001F05AFA05F06EF939
:105EE000FCF77CFFFCF78AFE05F036FF02460B4606
:105EF00041A00DB0BDE8F04F00F0B2B8FCF77EFE57
:105F000005F02AFF8A460746FCF78AFE05F024FFC3
:105F100083460391FCF78AFE05F01EFF814602913D
:105F2000FCF78AFE05F018FF06468846FCF78AFE55
:105F300005F012FF05460191FCF790FE05F00CFFFD
:105F400004460091FCF790FE05F006FF0B4603990E
:105F5000CDE90A7ACDE908B10299CDE90468CDE925
:105F6000069101990246CDE9025100992748CDE9F1
:105F7000004100F075F80DB0BDE8F08F140200206C
:105F80005A4B50005A4B4400564B5000564B490058
:105F9000544B5000544B44004D45445F414E474CD8
:105FA000450000003F0000004552520D0A0000006D
:105FB0005A4B503D252E33660D0A00005A4B443D86
:105FC000252E33660D0A0000564B503D252E3366B4
:105FD0000D0A0000564B493D252E33660D0A000080
:105FE000544B503D252E33660D0A0000544B443D62
:105FF000252E33660D0A00004D45445F414E474C47
:10600000453D252E33660D0A000000006CDD0008BA
:1060100070B5114C0146002520780E2913D2DFE817
:1060200001F0070712071207120712120D12120DC4
:106030002570BDE870400846FFF776BE002808D0FE
:10604000FFF794FE06E03F2804D2044A1154401C96
:10605000207070BD257070BDCC000020140200209F
:106060000FB410B58CB0142402E0012004F090F8B5
:106070000D48FEF76DFC212802D1641EE4B2F4D273
:106080000FAB302168460E9AFAF784F982B2501E9F
:106090002F2804D2642369460348FEF73BFE0CB068
:1060A00010BC5DF814FB0000E003002070B50A4846
:1060B000A0B04FF0FF3380226946806804F003FCF3
:1060C000054600246E4603E0305DFFF7A1FF641C27
:1060D000AC42F9D320B070BDCC0000200348017859
:1060E000002902D08168491C81607047540000205B
:1060F0000A49002008700A480168CA6822F00102B3
:10610000CA6002686FF00101116101680A6A22F039
:10611000A0020A620068016A016270475400002010
:10612000C00200200148806870470000B0000020D5
:106130000148C06870470000B00000200148B0F975
:1061400002007047B00000200148B0F90400704719
:10615000B00000200148B0F906007047B0000020F0
:106160000148006970470000B000002001488069C4
:1061700070470000B000002010B5FFF752F902F0A0
:10618000DDF93C210448FDF7EBFFBDE810403C2160
:106190000248FDF7E5BF0000080300209803002037
:1061A0002DE9FC411548FFF780FD154CA06015480E
:1061B000FFF77BFD4042E06001AA04F11001684650
:1061C00002F0EEF8A21D911E881EFFF711F90E488D
:1061D0000E4E006860612578206956F82510074644
:1061E00006F044F8A06146F8257005206D1CB5FB4B
:1061F000F0F100FB11502070BDE8FC810803002085
:10620000B0000020980300205800002080010020EA
:106210004FF0FF3002F09EBF10B5026808681146CB
:1062200006F024F805F0EEFE002800DC40423C2891
:1062300005DD00210846FFF79DF8012010BD002074
:1062400010BD10B5FDF792FA04F076FD012803D0D9
:10625000BDE8104004F0D6B810BD30B58FB028218D
:106260006846FAF7BEFA14210AA8FAF7BAFA012129
:106270000804CDE900100024029402250491CDE920
:1062800007504FF4E01009906846FDF7E9FB08B1AC
:1062900072B6FEE70F20CDE90A054FF48060CDE924
:1062A0000C4002210AA80E94FDF7FEFA002801D046
:1062B00072B6FEE70FB030BD704700000148FEF730
:1062C0007FB80000C00200200148FEF779B8000046
:1062D000C00200200148FEF773B800005003002000
:1062E000F0B50268164B174C174D4FF08047984297
:1062F00005D0B84203D0A04201D0A84203D122F079
:1063000070064A683243984205D0B84203D0A04292
:1063100001D0A84203D122F44074CA6822434C69D8
:1063200022F08002224302608A68C2620A688262A6
:10633000984201D10969016301214161F0BD00006A
:10634000002C0140000400400008004010B501F09E
:106350001F030121046A99408C430462016A9A4038
:106360001143016210BD10B5846842EA032224F48F
:106370007F440A432243826010BD826822F070028B
:106380000A4342F0070181607047000030B5036A9C
:10639000026A22F0010202624268846924F07305F5
:1063A0000C682C4323F002058B682B430A4DA8424E
:1063B0000BD123F00805CB6822F440722B434D69C2
:1063C00023F0040315438A692A43426084614968C3
:1063D0004163036230BD0000002C014030B5026A09
:1063E000036A23F010030362436884690D6824F490
:1063F000E64444EA05248D6822F0200242EA0512B0
:106400000B4DA8420ED1CD6822F0800242EA05125F
:106410004D6923F4406343EA85038D6922F040020D
:1064200043EA85034360846149688163026230BD49
:10643000002C014030B5036A026A22F480720262C5
:106440004268C46923F4007324F073050C682C437C
:106450008D6843EA05230C4DA8420ED1CD6823F484
:10646000006343EA05234D6922F4405242EA0512D3
:106470008D6923F4806342EA05124260C461496871
:10648000C163036230BD0000002C014030B5046AD6
:10649000026A22F4805202624268C3690D6823F4E2
:1064A000E64343EA05238D6824F4005444EA0534A6
:1064B000064DA84204D14D6922F4804242EA851279
:1064C0004260C36149680164046230BD002C014030
:1064D00010B5036A046A24F001040462846924F09C
:1064E000F00444EA021423F00A020A4384610262BF
:1064F00010BD000070B5056A046A24F0010404624E
:1065000084690F4EB04208D0B0F1804F05D00D4ED7
:10651000B04202D00C4EB04203D124F00304144325
:1065200001E044F001041A0724F0F00444EA126286
:1065300025F00A0301F00A0119438261016270BD6E
:10654000002C0140000400400008004010B5036A20
:10655000046A24F010040462846923F0A00324F484
:10656000704444EA023243EA01118261016210BDC3
:1065700030B5046A056A25F010050562856925F4C1
:10658000407545EA022222F470454FF6FF7202EA96
:10659000033224F0A0032A43A02404EA0111194382
:1065A0008261016230BD10B5406A0021C185C1849D
:1065B000FEF7A8F910BD70B5446A2068406994F8E8
:1065C0004110C0F3C0100025212904D118B1E58481
:1065D000204600F0B4F82068406994F84210C0F3F7
:1065E0008010222904D118B1E585204600F080F8FA
:1065F000606C40F0100060642046FEF783F970BDC7
:1066000010B50146406A096809684FF00002890622
:106610002ED4C28501680C3151E8003F23F4807309
:1066200041E80034002CF5D10168143151E8003FF5
:1066300023F0010341E80034002CF5D10168143146
:1066400051E8003F23F0400341E80034002CF5D12D
:10665000202180F84210016B012909D101680C3119
:1066600051E8003F23F0100341E80034002CF5D13D
:106670004263016B012902D0FEF74AFB10BD818DF8
:10668000FEF7CCF810BD10B5406A01214163016BE3
:10669000012902D0FEF73DFB10BD818D4908FEF7B0
:1066A000BDF810BD10B50146406A09680968890641
:1066B00016D40021C1840168143151E8002F22F062
:1066C000800241E80023002BF5D101680C3151E82C
:1066D000002F42F0400241E80023002BF5D110BD0D
:1066E000FEF7A2FB10BD10B5406AFEF7ABFB10BD74
:1066F00001680C3151E8002F22F4907241E8002328
:10670000002BF5D10168143151E8002F22F001026D
:1067100041E80023002BF5D1016B012909D1016863
:106720000C3151E8002F22F0100241E80023002B29
:10673000F5D1202180F842100021016370470168E3
:106740000C3151E8002F22F0C00241E80023002B59
:10675000F5D1202180F84110704708B590F842101B
:10676000222901D0022008BD82684FF480539A424A
:1067700001D1016921B1816A9A421BD04AB10AE074
:106780000268816A5268C2F308020A80816A891C21
:1067900008E0026972B10268526802F07F020A7072
:1067A000816A491C8162C18D491E0904090CC18599
:1067B00003D01BE002685268F1E70168CA6822F062
:1067C0002002CA600168CA6822F48072CA60016847
:1067D0004A6922F001024A61202180F8421000211A
:1067E0004163026B012A03D0FEF792FA002008BD34
:1067F000016301680C3151E8002F22F0100241E8DA
:106800000023002BF5D101680A68D20602D50A6878
:1068100049680091818DFEF701F8E7E770B50446FD
:1068200000680169E26821F4405111430161216966
:10683000A0680843616908432168CA6841F20C6393
:106840009A430243CA6020684169A26921F44071F9
:10685000114341611E492068884202D1FDF7CAF800
:1068600001E0FDF7B7F800EBC00101EB0012606832
:1068700064218000B2FBF0F3B3FBF1F36FF0180674
:106880007343B2FBF0F5B2FBF0F605EB8305322360
:1068900003EB0515B5FBF1F5B6FBF1F605F0F005D8
:1068A00005EB0615B2FBF0F6B2FBF0F0B0FBF1F031
:1068B0006FF01802504306EB800003EB0010B0FBB2
:1068C000F1F0216800F00F002844886070BD0000DE
:1068D0000038014038B581620446828500201346A5
:1068E0006064222284F84220E56B1B4AAA62E56BB1
:1068F0001A4AEA62E56B1A4A2A63E26B50630A4657
:106900002168E06B091DFCF753FC206801684068B2
:106910000090206948B120680C3050E8001F41F415
:10692000807140E80012002AF5D12068143050E848
:10693000001F41F0010140E80012002AF5D1206853
:10694000143050E8001F41F0400140E80012002AD6
:10695000F5D1002038BD00000166000887660008F8
:10696000B76500082DE9F041984617460E460446E3
:10697000069D27E0681C25D02DB1FCF75DFDA0EB3E
:106980000800A8421ED920680C3050E8001F21F4EE
:10699000D07140E80012002AF5D12068143050E888
:1069A000001F21F0010140E80012002AF5D120204B
:1069B00084F8410084F84200002084F8400003205D
:1069C000BDE8F0812068006836EA000004D00020AD
:1069D000B842CFD00020F3E70120F9E70148FDF7E6
:1069E000BDBF0000E0030020FEE700002DE9F043FA
:1069F00007AC94E8E013034C84E8EF03C4F824C028
:106A0000BDE8F083B00400200020064A014600BF24
:106A100042F82010401CC0B20A28F9D382F8541062
:106A200091657047B004002070B51D4C94F8540077
:106A300038B11C48FDF78CFF21282FD0002084F8A6
:106A400054001748283001465FF0000214F8223045
:106A500000F8013B04EB8203521C5D7800F8015BF7
:106A60009D7800F8025BDB78D2B200F8013C0A2A7C
:106A7000ECD30D4B00229D5C521CD2B200F8015B9E
:106A8000042AF8D32C220748FEF792F9002805D1F2
:106A9000012084F85400A06D401CA06570BD00006A
:106AA000B0040020E003002076DB0008FEB50024DF
:106AB000094F4FF4807501263819CDE900060123EE
:106AC0000022782102950548FCF780FD641CE4B2A1
:106AD0001B2CF1D3FEBD0000000000206C02002042
:106AE000490050EAC12018BF04204A0D18BF40F0E9
:106AF000010040F2FF72B2EB515F08BF40F00200AC
:106B0000012808BF052070470907090E002804DB8B
:106B100000F1E02080F80014704700F00F0000F151
:106B2000E02080F8141D70472DE9F0414F1E00EB66
:106B3000C7010446D1E9000115461E4637F006029A
:106B40000DD02A46334604F0F7FD7F1E04EBC70341
:106B5000D3E9002304F064FB37F00602F1D1022FE1
:106B600025D0042F13D0062F18BFBDE8F0812A4688
:106B7000334604F0E1FDD4E90A2304F051FB2A4630
:106B8000334604F0D9FDD4E9082304F049FB2A4632
:106B9000334604F0D1FDD4E9062304F041FB2A4634
:106BA000334604F0C9FDD4E9042304F039FB2A4636
:106BB000334604F0C1FDD4E9022304F031FB2A4638
:106BC000334604F0B9FDD4E90023BDE8F04104F0F8
:106BD00027BB012205F0F8BB04F022BB00221346BC
:106BE0001046114604F0D8BB40F2013200204FF0AD
:106BF000E04105F0E9BB0000024A0020110705F062
:106C0000E3BB000001FDFFFF10B50446D1E9000120
:106C100000F002F8206010BDF8B504460D466A4643
:106C200001F064F800987E30009000281EDC0022FD
:106C300013462046294604F007FD17D0002140F6F0
:106C400008004FF0000006462046294604F0B6FA38
:106C5000044640F6080006EA00014FF0000034F058
:106C6000004004BF0220F9F7A2FE29E00098FF28A7
:106C700028DB002108464FF0000000F44006002207
:106C800013462046294604F055FE8CBF00250125F9
:106C90000220F9F78CFE4FF0FF4446B1002D0CBFE7
:106CA0004FF400004FF48000B04218BF084C04219C
:106CB00008464FF00000002D04BF84F00040F8BDEE
:106CC0002046F8BD20462946BDE8F84004F076BAD3
:106CD000FFFF7F7F10B504460A46D4E9000319463A
:106CE00001F0AFFAC4E9000110BD30380A2801D222
:106CF0000120704700207047002800DC40427047A8
:106D00002DE9FE4F07460E460025684601F01AF8A9
:106D100000246FF00F0AE8464FF0010957F82400ED
:106D200056F82410401A00D5404205F0A7F9514604
:106D300005F078FB58F8241011F0FF4F0BD005F048
:106D40009FF84FF07E5105F091FA0A4920F000407B
:106D5000884205DC07E0084908440849884202D314
:106D600009FA04F00543641C032CD7DB2846BDE870
:106D7000FE8F0000295C0F3E666666C19A99D900B5
:106D80002DE9F04D8D4F21F0004A86B005460C46A6
:106D9000BA452ADBAAEB070028430AD08848824577
:106DA00001DC1AD1CDB106B02846BDE8F04DFFF7A1
:106DB00010BF844A844B284604F0BEFC07460E46AA
:106DC000824A834B2846214604F0B6FC06B03A4678
:106DD0003346BDE8F04D04F023BA0120F9F7E7FD92
:106DE00006B0BDE8F04DFFF7F9BE7A48824542DAB9
:106DF000BAF1795F0BDA2846FFF772FE042808BF64
:106E0000FFF7FAFE284606B02146BDE8F08D2A4677
:106E10000B46104604F090FC834602466E480E4630
:106E20000B4606217844FFF77FFE5A46334604F0AE
:106E300083FC804669488A465A4633460421784492
:106E4000FFF772FE5A46334604F076FC00223B46BA
:106E500004F0E6F902460B464046514604F09CFA1F
:106E60002A46234604F068FC06B02A462346BDE8BD
:106E7000F04D04F0D5B9284624F0004100223D46EB
:106E80003B4604F08DFD4FF0FF3205F09DFA0646BB
:106E9000024653480F460B4606217844FFF744FE4E
:106EA00032463B4604F048FCCDE900014D483246ED
:106EB0003B4604217844FFF737FE32463B4604F058
:106EC0003BFC00222B4604F0ABF98346029130468E
:106ED000394603F007F8804643480D46504517DC15
:106EE000DDE900015A46029B04F056FA42462B4661
:106EF00004F022FC42462B4604F092F9012205F0F0
:106F000063FA304A304B04F03DFE304A304B4CE0DF
:106F10004FF0000A52460B46404604F081F9CDE995
:106F2000031052462B461046194604F005FC324623
:106F30003B4604F035FDDDE9033204F02DFA064648
:106F40000F46DDE900015A46029B04F025FA83460C
:106F5000009101223046394605F036FA194A1A4B9B
:106F600004F01EFD06460F4601224046294605F064
:106F70002BFA5A46009B04F0DFFB32463B4604F0F6
:106F800001FE06460F4601225046294605F01CFA2E
:106F90000E4DDFF858802A46434604F001FD324684
:106FA0003B4604F0FDFC2A46434604F0F9FC002C65
:106FB000D8BF81F0004106B0BDE8F08D0000F03F81
:106FC0000000F07F075C143326A6913C182D445432
:106FD000FB21F93F0000E03F686D00007E6D00007E
:106FE000F26C0000086D00003333EF3FFB21E93FF6
:106FF0002DE9F84F04460D4621F0004000917349F9
:10700000814211DC7249884201DC06D12CB1204654
:107010002946BDE8F84FFFF7DCBD6E48002DCCBF18
:107020006D496E49BDE8F88F6D49814211DD6D49AA
:107030008142D8BF4FF0FF366DDD20462946FFF76D
:107040004FFD042808BFFFF7D7FD20462946BDE8BD
:10705000F88F6549654F25F00045814233DD64496D
:10706000814219DD002632464FF0804320462946F2
:1070700004F0D6F880468A4601222046294605F0CB
:10708000A3F900223B4604F07DFD4246534604F03E
:1070900083F904460D463EE001260022BA463B46EF
:1070A0002046294604F0BCF880460F46002253468D
:1070B0002046294604F066FD42463B4604F06CF942
:1070C00004460D4627E04B4981421BDDDFF828A12D
:1070D0000226002253462046294604F02DFB0022BA
:1070E0003B4604F09DF880460F460022534620465A
:1070F000294604F047FD42463B4604F04DF904465C
:107100000D4608E0032622462B4600203B4904F0AA
:1071100043F904460D4622462B461046194604F014
:107120000BFB8B46824602460B4604F005FB0746E6
:107130000246334888460B4606217844FFF7F4FCA4
:1071400052465B4604F0F8FA82462E488B463A4691
:10715000434605217844FFF7E7FC3A46434604F0EE
:10716000EBFA02460B46002E504659460CDA04F064
:1071700057F822462B4604F0DFFA01B022462B4690
:10718000BDE8F04F04F00CBC04F04AF822462B4650
:1071900004F0D2FA1C4A7A4402EBC603D3E9002376
:1071A00004F0F0FC22462B4604F0ECFC174A7A442B
:1071B00002EBC603D3E9002304F0F2FB009A002A95
:1071C000B8BF81F00041BDE8F88F00000000104416
:1071D0000000F07F182D4454FB21F93FFB21F9BF3B
:1071E0000000DC3F0000203E0000F33F0000F03FC5
:1071F0000000E63F008003400000F83F0000F0BFC1
:107200003A6B0000F86A0000966A00005E6A0000AF
:107210002DE9F04D9446CCF1000423F000464CEAF1
:107220000404524F46EAD4749A46884621F000423C
:10723000BC4206D8454240EA050442EAD474BC4246
:1072400004D9BDE8F04D6246FFF7C6BCAAF140552F
:10725000A5F17F6555EA0C040BD0022404EAAA7458
:10726000434DDFF810E144EAD87452EA000B04D031
:107270000CE0BDE8F04DFFF7BBBE002C14BF012CA5
:10728000BDE8F08D022C30D0032C32D056EA0C0B26
:107290000AD0BE4220D1BA4209D126F0804622F05F
:1072A00080423346114617E000291ADB25E0DFF85B
:1072B000C8B0FB44002C04BFDBE90001BDE8F08D41
:1072C000012C02BFDBE9000181F00041BDE8F08D37
:1072D000022C0AD0032C0CD0BA4212D1B8F1000F04
:1072E0000BDA23482549BDE8F08D28462449BDE83E
:1072F000F08D28467146BDE8F08D1D482149BDE856
:10730000F08D921B12153C2AC4BF19481D490EDC92
:10731000BAF1000FBEBF12F13C0F0020014606DBA0
:10732000624604F039F821F00041FFF761FE002CBD
:1073300008BFBDE8F08D012C04BF81F00041BDE81D
:10734000F08D114A114B022C07D004F01BFC2A4689
:10735000BDE8F04D0A4B04F015BC04F013FC2A46BE
:10736000BDE8F04D064B04F01BBB00000000F07FB1
:10737000182D4454FB2109C0F2690000FB21F9BF1C
:10738000FB210940FB21F93F075C143326A6A13CF1
:1073900030B583B00446F9F705FB05460020CDE97A
:1073A0000000024621466846F9F720FF2846F9F713
:1073B000FEFADDE9000103B030BD08B560B1202060
:1073C0008DF8000028208DF8010030208DF8020093
:1073D00038208DF8030004E0A32204216846F9F761
:1073E000F8F96A46042140F69E2001F089FE01F07A
:1073F00047FB08BD3EB5044602208DF80000CA20B8
:107400008DF80100E3208DF8020009208DF80300BB
:107410006A460421682001F073FEA3208DF8000065
:10742000610609D5C0218DF80110C8218DF8021020
:10743000C2218DF8031005E08DF801008DF80200DF
:107440008DF8030014F4C07F09D0C4218DF8041016
:10745000CC218DF80510C6218DF8061005E08DF8B9
:1074600004008DF805008DF806008DF808008DF8F1
:1074700007008DF809006A460A2140F6A72001F0AE
:107480003FFEA0074FF0D80503D020208DF8000064
:1074900001E08DF800506A46012140F6B62001F067
:1074A0002FFEA00601D5012000E0002000F08EF89C
:1074B00014F4C07F1ED0E0050AD5B2208DF800007C
:1074C0008B208DF80100B6208DF802009B2009E08A
:1074D000B0208DF8000080208DF80100B4208DF8D8
:1074E000020090208DF803006A46042140F6A22095
:1074F00001F006FEE1074FF40B6022D0F8218DF871
:1075000000106A46012101F0FBFDFA21072000F07E
:1075100039FB072000F004FB012000F021FB642070
:1075200000F0C4FB4FF4FA7000F0D0FBC8212548EE
:1075300000F0BEFA282000F0D3FA0A2000F0E0FAAA
:1075400005E08DF800506A46012101F0D9FDA00741
:1075500003D5D9208DF8000001E08DF800506A466F
:10756000012140F23D7001F0CBFD600701D5012003
:1075700000E0002000F048F8E00601D5012000E01E
:107580000020FFF71AFF104D44F00800688101F059
:1075900077FA0020A873600601D50620A87314F4BA
:1075A000C07F02D0A87B801DA87314F0140F02D0F6
:1075B000A87B1030A873A00702D0A87B001DA87379
:1075C00000203EBD09E3CA02700100200EB54FF451
:1075D000976310B106A107C901E008A207CA8DE8A8
:1075E00007006A460921184601F08AFD0EBD000019
:1075F000B8AAB38DB4980D355D000000B8AAAAAA48
:10760000B088C3C5C700000008B560B1C0208DF8C0
:107610000000C2208DF80100C4208DF80200C620B1
:107620008DF8030004E08B2204216846F9F7D1F8B5
:107630006A46042140F6982001F062FD01F020FA2C
:1076400008BD0000C8234FF48062024940F6F630BE
:1076500001F0F8B8C4CE00082DE9FF4F89B01746F5
:10766000DDE9165200244C4E884681462C80A24605
:10767000B07B694601F092F94FF0FF3B18B15846D4
:107680000DB0BDE8F08F708910F0140F3CD0009958
:1076900009BA21F0FF039DF803100B433B600199E9
:1076A0001B1409BA21F0FF029DF807105B430A433F
:1076B0007A6002999DF80B4009BA21F0FF0121433D
:1076C000B960039C091424BA24F0FF0C9DF80F4004
:1076D00012144CEA040CC7F80CC04FEA2C4749437B
:1076E00002FB023207FB071111441024A1F1706163
:1076F000B1F1007F04D901F0C3F9A5F800A0BEE7FD
:10770000298841F4807129804206694611D50A19F9
:10771000A41D13885BBAA8F8003053885BBAA8F898
:107720000230928852BAA8F804202A8842F008024F
:107730002A8010F4C07F11D00A19A41D13885BBAE7
:10774000A9F8003053885BBAA9F80230928852BA7F
:10775000A9F804202A8842F070022A80800716D0F7
:107760000C44E07800F0C00500F03F016078C007ED
:1077700006D0C80801F007013268491C02B19047E1
:107780006078000703D5716809B1A80988470C988B
:1077900000F0DAFD002073E7700100202DE9FF41C1
:1077A000044603A800F036FFBDF80C00410CC303EB
:1077B0002F48028902F00300550754F8200000D535
:1077C0004042C2F3C105960654F8255000D56D42DB
:1077D000C2F38116D20554F8264000D56442A0FBBE
:1077E0000367C21702FB037200FB0120820042EA1A
:1077F0009670A5FB0367EA1702FB037205FB0122E3
:10780000950045EA9672A4FB0367E51705FB037331
:1078100004FB01318B0043EA9671030E8DF80030B2
:10782000030C8DF80130030A8DF802308DF8030047
:10783000100E8DF80400100C8DF80500100A8DF85C
:107840000600080E8DF80800080C8DF80900080ADB
:107850008DF80A008DF807208DF80B106A460C2170
:107860004FF4257001F04CFC04B0BDE8F08100003D
:107870007001002030B5044613A285B007CA8DE818
:1078800007004FF0FF35C82C16D8C820B0FBF4F124
:10789000491E080A8DF80C008DF80D1003AA02216C
:1078A00040F2162001F02CFC30B96A460C2140F65B
:1078B000C12001F025FC10B1284605B030BD0548B7
:1078C00084810020F9E70000FEF2ABC4AAF1DFDFFB
:1078D000BBAFDFDF70010020F8B53049098901F046
:1078E000030250F822404A0700D56442C1F3C102A6
:1078F0008B0650F8222000D55242C1F3811350F874
:107900002330C80500D55B42254984FB0140850032
:1079100045EA947082FB0142A40F44EA820483FB8F
:107920000121950F45EA8105010E8DF80010010C2B
:107930008DF80110010A8DF802108DF803006A46D7
:1079400004214FF4747001F0DBFB4FF0FF3688B96F
:10795000200E8DF80000200C8DF80100200A8DF813
:1079600002008DF803406A4604214FF4757001F05F
:10797000C7FB08B13046F8BD280E8DF80000280C72
:107980008DF80100280A8DF802008DF803506A4630
:1079900004214FF4767001F0B3FBF8BD70010020B4
:1079A00009E3CA022DE9FF4104463CA004F00303A9
:1079B000006802903AA0006803903AA006683AA0D6
:1079C000056802A8C15C8DF80010C4F3C101425CD7
:1079D0008DF80120C4F38112805C8DF8020003A8A9
:1079E000C35C8DF80430415C8DF80510805C8DF827
:1079F00006006A46032140F2264001F081FB4FF069
:107A0000FF37E0BB01AA032140F22A4001F078FBD6
:107A1000A8BBCDE9006560070BD59DF8000040F0DC
:107A200001008DF800009DF8040040F001008DF881
:107A30000400A0060BD59DF8010040F001008DF870
:107A400001009DF8050040F001008DF80500E005FB
:107A50000BD59DF8020040F001008DF802009DF862
:107A6000060040F001008DF806006A4603214FF43D
:107A7000886001F045FB10B901AA032100E004E091
:107A800040F2314001F03CFB18B1384604B0BDE88B
:107A9000F081064804810020F8E700004CCD6C001E
:107AA0000CC92C0036567600264666007001002070
:107AB0004FF47A7290FBF2F008B54843010E8DF84E
:107AC0000010010C8DF80110010A8DF802108DF8DC
:107AD00003006A4604214FF4AE7001F011FB08BDAB
:107AE0000521B0FBF1F008B5010A8DF800108DF802
:107AF00001006A4602214FF4AD7001F001FB08BDA0
:107B00000521B0FBF1F008B5010A8DF800108DF8E1
:107B100001006A4602214FF4AC7001F0F1FA08BD91
:107B200008B500218DF80010C10702D030218DF872
:107B30000010810705D59DF8001041F00C018DF86B
:107B40000010400705D59DF8000040F003008DF8B7
:107B500000006A4601214FF4A47001F0D1FA08BD7B
:107B600008B560B1042800D90420401E8DF800003B
:107B70006A46012140F24F1001F0C2FA08BD01200F
:107B8000F3E700002DE9FC41054640074FF0FF36C2
:107B90007CD0B1F5C86F79D8084604F087FA3E4921
:107BA00004F06EF9074601A800F016FD9DF80400E8
:107BB000022806D004280DD008282ED0102865D120
:107BC00034E00E21384604F02DFC04F037FA84B27C
:107BD000324907E00D21384604F024FC04F02EFA67
:107BE0002F4984B2384604F075FA04F027FA210AC6
:107BF0008DF8001080B28DF80140010A8DF8021056
:107C00008DF80300E8076C4620D0224602214FF48D
:107C1000EA7001F075FAC8BB11E00C21384604F097
:107C200001FC04F00BFA84B21E49DBE70B21384655
:107C300004F0F8FB04F002FA84B21B49D2E7A21C5C
:107C400002214FF4927001F05BFAF8B9A8070DD544
:107C50006A4602214FF4EC7001F052FAB0B9A21C4E
:107C600002214FF4947001F04BFA78B9680710D5EF
:107C70006A4602214FF4EE7001F042FA30B9A21CBC
:107C800002214FF4967001F03BFA10B13046BDE886
:107C9000FC810020FBE70000000048430000404654
:107CA0000000C045000040450000C0440521B0FB75
:107CB000F1F008B5010A8DF800108DF801006A4650
:107CC00002214FF4EF7001F01BFA08BD0521B0FB53
:107CD000F1F008B5010A8DF800108DF801006A4630
:107CE00002214FF4ED7001F00BFA08BD10B51446F7
:107CF00000222260114A21F000439342A8BF10BD28
:107D000053EA000208BF10BDB3F5801FA8BF226868
:107D100007DA362204F058FB6FF0350221F00043F9
:107D20002260DFF81CC06FF31E510CEB23531A4482
:107D300041F0FF5141F00051226010BD0000F07F82
:107D400002FCFFFF2DE9FE430646264801AB042254
:107D500040680D210078FDF7BDFB10B10720BDE89C
:107D6000FE839DF804101C2000EAD1029DF8071044
:107D7000DFF87490C1F301131A438DF800209DF8C9
:107D80000520C1F3810300EAD2021A438DF80120D5
:107D90009DF8062001F0030100EAD2000843002408
:107DA000124F8DF80200A0466D46285D10B146F8CE
:107DB00024900AE046F824800DE000BF56F8240025
:107DC000394604F087F946F82400285D401E10F07B
:107DD000FF002855F2D1641CE4B2032CE5D3002047
:107DE000BDE700001C0000207B14AE3E1D5A843FFE
:107DF0002DE9FE4F05460120C14E8DF800004FF0E1
:107E000000088DF8018030680C461746817C706848
:107E10006B4602220078FDF7EAFB4FF0FF3A00289C
:107E20007AD1C820FBF7FCF98DF8008030686B46EA
:107E30000122C17B70680078FDF7D9FB0028EFD1E3
:107E400030686B460122417970680078FDF7CFFBFE
:107E50000028E5D130686B460122817C706800788B
:107E6000FDF7C5FB0028DBD130686B460122C17DE0
:107E700070680078FDF7BBFB0028D1D130686B46F5
:107E80000122017970680078FDF7B1FB0028C7D1A5
:107E90004FF00C098DF8009030686B460122017993
:107EA00070680078FDF7A3FB002835D10F20FBF7A1
:107EB000B7F9B06A6B460122407A8DF8000030684D
:107EC000817870680078FDF792FB002824D1B06AB1
:107ED0006B460122007A8DF80000306841787068A6
:107EE0000078FDF784FB002873D1B06A807A0FB167
:107EF00040F0E0008DF8000030686B460122817987
:107F000070680078FDF773FB002862D12FB1B06A6A
:107F1000C07A40F0E00001E04AE018208DF800004F
:107F200030686B460122C17970680078FDF75FFB0D
:107F3000F0BB17B1C820FBF773F940208DF80000A3
:107F400030686B460122017970680078FDF74FFBBD
:107F500070BB78208DF8000030686B4601224179B3
:107F600070680078FDF743FB10BB3220FBF758F92F
:107F70008DF80080306847466B4641797068012271
:107F80000078FDF734FB98B931687068B046897A9B
:107F900000786B460222FDF79DFA48B9BDF8000053
:107FA000AF6040BAB0FBF9F06F60C6B22F6000E07E
:107FB0000FE0A76067602760002739E0D8F800105D
:107FC000D8F804006B46C97A00780C22FDF782FAD3
:107FD00010B15046BDE8FE8FBDF80000236840BADE
:107FE00002B2BDF80200BDF804101A44226040BA83
:107FF000626800B21044606049BAA06809B20844DF
:10800000A060BDF806002B6840BA02B2BDF80800B7
:108010001A4440BA01B2BDF80A002A606A6840BA40
:1080200011446960A96800B208447F1CFFB2A860CF
:10803000B742C3D328688322C117090441EA10411B
:1080400000040023F8F782F932460023F8F77EF99E
:10805000286068688322C117090441EA10410004BE
:108060000023F8F773F932460023F8F76FF96860D8
:10807000A8688322C117090441EA104100040023C3
:10808000F8F764F932460023F8F760F9A860206831
:108090004FF40065C117090441EA104100042A4663
:1080A0000023F8F753F932460023F8F74FF9206020
:1080B00060682A46C117090441EA10410004002300
:1080C000F8F744F932460023F8F740F96060A068F9
:1080D0002A46C117090441EA104100040023F8F7B9
:1080E00035F932460023F8F731F9A060002802DDA7
:1080F000A0F5803001E000F58030A060002069E745
:108100001C0000202DE9F84F81462E4888460025A6
:1081100040686B46032200780D21FDF7DBF910B1B2
:108120000720BDE8F88F9DF80000002400F01F0034
:108130008DF800009DF801006FF00F0B00F01F009C
:108140008DF801009DF802006E4600F01F008DF8CA
:1081500002004FF0010A00BF59F8241058F824001B
:10816000081A00D5404203F089FF594604F05AF935
:108170000746305DC0B1144802E0144903F0AAFF7D
:10818000315D491E11F0FF013155F6D101463846E7
:1081900003F076FE4FF07E5104F068F80C4920F0B1
:1081A0000040884205DC07E00A483844B0F1D97F36
:1081B00002D90AFA04F00543641C032CCCDB2846E0
:1081C000AFE700001C0000200000C84154E3853FD9
:1081D000295C0F3E0000E0BE00B5024600F00DF83D
:1081E0000346D01C00F009F843EAC003901D00F0DC
:1081F00004F843EA801080B200BD90F90010002915
:1082000002DD4FF00000704702DA4FF004007047C3
:1082100090F90110002902DD4FF00100704702DAE9
:108220004FF00500704790F90200002802DD4FF082
:108230000200704702DA4FF0060070474FF0070067
:1082400070472DE9F04106460C4640F2FF7517468F
:1082500035EA14502BD000221346304603F0F4F9CF
:1082600025D03A463046214604F0AEF806460C4684
:1082700035EA145010D000221346304603F0E4F9DA
:1082800015D10220F8F793FBFEF7B6FC0A4621460B
:1082900062F31E01BDE8F0810220F8F788FBFEF7CB
:1082A000A3FC0A46214662F31E01BDE8F081304678
:1082B0002146BDE8F0810000FBF760FAFDF7CDFF35
:1082C000FDF706FAFDF7BCF9FDF762FAFDF72CFBA6
:1082D000FDF77EFAFDF7F4FAFDF75AFBFDF78EFB8A
:1082E000FDF7C4FBFDF7A8FB0021102310A20846F0
:1082F000FDF71AFC00211048FCF7EEF90C210E489E
:10830000FCF7EAF900210846FDF734F8FDF734FFE1
:1083100010230AA202210020FDF706FCFEF774FBE1
:1083200000F032FFFDF7AAF900F04AFFFEE7000077
:10833000496E6974204F4B00C002002053656E7374
:108340006F72204F4B000000704700002DE9F04194
:10835000124C20F00101002594F8240010B10020F7
:10836000BDE8F081A07A4FF0FF3668B10840277C65
:108370002074884200D0354641B1012001F086FDCD
:1083800000F07EFB38B127743046E9E7207D00B16C
:10839000012001F07BFD2846E2E700001C000020E0
:1083A0002DE9F74F8EB00CA902A8CDE900010BAB67
:1083B00003AA09A907A8FFF74FF918B1012011B0C6
:1083C000BDE8F08FBDF80800C0057DD5039803F027
:1083D00055FE6FF01D04214604F024F882460498EF
:1083E00003F04CFE214604F01DF88146059803F089
:1083F00045FE214604F016F88046069803F03EFE3E
:10840000214604F00FF805460121504604F00AF811
:108410000646414603F05EFE04464FF040414846A2
:1084200003F058FE0746294603F054FE214603F0A8
:10843000BFFC03F091FCFEF7A3FC4FF0663B5A46ED
:108440003D4B03F079F902F0B9FE0E990860012165
:10845000404603F0E7FF4146009003F03BFE044630
:108460003846494603F036FE214603F0FFFE4FF042
:108470007E5103F09DFC03F06FFC07460C4630462E
:10848000494603F027FE06462946009803F022FEDF
:10849000314603F08DFC03F05FFC3A462346FEF7BD
:1084A000B7FE5A46244B03F047F902F087FE0F99B6
:1084B00008602946084603F00DFE07464146084677
:1084C00003F008FE064600E034E04946084603F0A3
:1084D00001FE04465146084603F0FCFD214603F028
:1084E00067FC314603F0C2FE394603F0BFFE03F0DD
:1084F00033FC06460C462946504603F0EBFD054684
:108500004146484603F0E6FD294603F051FC0121AF
:1085100003F088FF03F020FC32462346FEF778FE86
:108520005A46054B03F008F902F048FE109908601E
:10853000002044E7022042E766A64C4010B5FCF755
:1085400013FE00F0EDF808B10A2010BD782000F00D
:108550007BFD10F0FF0F01D0012010BD7820FFF748
:10856000F5FE10F0FF0F01D0022010BD642000F0D6
:108570002BFD10F0FF0F01D0032010BDFFF762F8B4
:1085800010F0FF0F01D0042010BD1248FFF724FEA9
:10859000FFF708FA10F0FF0F01D0052010BD40F2E0
:1085A0007310FEF727FF10F0FF0F01D0062010BD5B
:1085B0006420FFF75FF910F0FF0F01D0072010BD16
:1085C00001F024FC012000F025FC10F0FF00F6D0A3
:1085D000092010BD480000200D494A7A42B1012A05
:1085E00008D0022A0FD0032A0FD04FF0FF30704777
:1085F000022200E004220270C97C11B11106C90DEB
:108600000170002070470822F5E71022F3E7000010
:108610001C0000200F494A7A42B1012A09D0022ADF
:1086200011D0032A12D04FF0FF3070474FF4804230
:1086300001E041F69C720280C97C11B1C2F34E0187
:108640000180002070474FF48052F4E74FF400623D
:10865000F1E700001C0000200B49097A39B101291B
:1086600007D002290AD003290BD0002103E0FA2108
:1086700001E04FF4FA710180002070474FF47A71E5
:10868000F9E74FF4FA61F6E71C0000200A49097A7D
:1086900041B1012908D002290AD003290AD04FF09C
:1086A000FF307047054900E0054901600020704730
:1086B0000449FAE70449F8E71C00002000000343DE
:1086C0000000834233330342333383410C49C97A78
:1086D000072913D2DFE801F01204060A0C0E10007D
:1086E000BC2100E062210180002070472A21FAE7C6
:1086F0001421F8E70A21F6E70521F4E70021F2E763
:108700001C000020054991F8242012B14FF0FF30E1
:108710007047C98901800020704700001C000020BC
:108720002DE9FC41464C80208DF8000020686B4606
:108730000122817C60680078FCF759FF4FF0FF3719
:10874000002875D16420FAF76BFD00258DF80050E4
:1087500020686B460122817C60680078FCF747FF47
:10876000002865D120686B460622817D606800780C
:10877000FCF7B0FE00285BD19DF805009DF80310C2
:10878000C007400F01F0010140EA41009DF80110CF
:108790004FF0010601F00101084304D0012831D057
:1087A000022810D044E020686B460122C17860683E
:1087B0000078FCF78FFED8BB9DF8000010F00F008A
:1087C00036D004281ED0E574FF2004F80A0F4FF6B7
:1087D000FF7104F8020C04F8010C6070A180A07114
:1087E0002072A67026766576E572A572E560256131
:1087F0006561A576E576A5834FF4FA6000F046FB47
:10880000B0B901E0E674DFE7022000F061FA78B960
:108810002A2000F0A3FB58B9322000F0D5FB38B96C
:108820000020FFF793FD18B9002000F085FA10B181
:108830003846BDE8FC81002000F006FC0020F8E787
:108840001C0000202DE9FF4FDFF89480064685B01C
:1088500098F8250015460F464FF0FF39B0BBAFB36F
:10886000002420E0301B102800DD102080B2834659
:108870003A1901469246204600F042FC30BB6A4657
:108880005946204600F0D2F800BB50465A46694689
:10889000F7F7D8FE20B16FF0010009B0BDE8F08F06
:1088A00004EB0B0084B2B442DCD3280A8DF810002C
:1088B0008DF81150D8F80000444604AB817ED8F8FA
:1088C000040002220078FCF792FE08B14846E4E773
:1088D000012084F825000898E0840020DDE70000EE
:1088E0001C0000202DE9F84305464FF0FF392828E9
:1088F00044D80727284C00267DB1012000F0FCFA5F
:1089000020208DF800004FF00108012D17D0052D13
:1089100018D88DF8018005201FE0002000F0ECFA47
:108920008DF800608DF8017020686B460222817C12
:1089300060680078FCF75BFE00BB267529E08DF8C7
:108940000160E8E7142D04D802208DF801000A2008
:1089500003E003208DF80100142000F0FFFA9DF8D9
:1089600001006B4607EB80108DF8010020680222A1
:10897000817C60680078FCF73AFE10B14846BDE89B
:10898000F8830820A072267384F814800020FFF773
:10899000DDFC0020F3E700001C0000202DE9F84377
:1089A000214C0646174694F8240089464FF0FF38BC
:1089B00090B3A07A80B320686B460222817A606807
:1089C0000078FCF787FD38BBBDF8000045BAB5421A
:1089D00002D2002038701FE060684188B5EB510F6B
:1089E00011D9216800786B46497C0122FCF772FDA1
:1089F00090B99DF80000C00605D500F041F86FF071
:108A00000100BDE8F8832068F2B24B46C17A606885
:108A10000078FCF75FFD08B14046F2E7B5FBF6F0E1
:108A2000401E38700020ECE71C000020F8B516004E
:108A30000D464FF0FF371FD0104CA17AE1B1010A6B
:108A40008DF80010C0B28DF80100411960684289AC
:108A5000914211D8216800786B46097E0222FCF70A
:108A6000C6FD48B92068EAB23346417D60680078A7
:108A7000FCF730FD002800D03846F8BD1C0000206F
:108A8000F8B5564C4FF0FF36A07A00287DD000256F
:108A90008DF8005020686B460122C17B6068007829
:108AA000FCF7A5FD002870D120686B4601224179B2
:108AB00060680078FCF79BFD002866D120686B4653
:108AC0000122017960680078FCF791FD00285CD1F3
:108AD00094F82400E0B30C208DF8000020686B4669
:108AE0000122017960680078FCF781FD002872D1CD
:108AF0003220FAF795FBC0208DF80000A07AC0075D
:108B000002D0E0208DF8000020686B460122017938
:108B100060680078FCF76BFD00285CD1607C18B1C0
:108B200002208DF8000001E08DF8005020686B46AF
:108B30000122C17B60680078FCF759FD28BB8DF8E5
:108B4000005020686B4601224179606800783EE061
:108B5000FFE704208DF8000020686B4601220179B0
:108B600060680078FCF743FD78B9A07C90B9A07AE2
:108B7000C0070FD05FF060008DF8000020686B46E2
:108B8000012201796068007800E024E0FCF72FFD05
:108B900008BB01E04020EFE73220FAF741FB607CA0
:108BA00018B101208DF8000001E08DF80050206818
:108BB0006B460122C17B60680078FCF718FD50B954
:108BC0002068064B01224179606810330078FCF779
:108BD0000EFD002800D03046F8BD00001C0000202B
:108BE0002DE9F047394C82468AB094F824000F46AC
:108BF00020B1002000F00EF9012600E0002607A8B1
:108C0000FFF72AFD06A8FFF7E7FC09A8FFF75EFDBE
:108C100008A8FFF777FD94F80A9094F810800025D3
:108C2000002239465046FFF7E3F810B16D1C022DC3
:108C3000F6DB022D1AD00025012203A96846FFF7B2
:108C4000D7F810B16D1C022DF6DB022D0ED003A952
:108C50003846FEF755F8C7B269465046FFF752FA54
:108C600010F0FF0F4FF0000502D002E0002503E0F6
:108C700001250FB945F00205FF2020726072E072F5
:108C80004FF6FF71E181A072207401202073BDF8BE
:108C90001C0000F0FBF89DF8180000F019F8BDF872
:108CA000240000F05BF9BDF8200000F08DF9484683
:108CB00000F0CAF94046FFF749FB16B1012000F069
:108CC000A9F80AB02846BDE8F08700001C00002083
:108CD00038B5184C4FF0FF35A17A19B3022806D0E9
:108CE000042806D008280ED010281BD10DE0002043
:108CF00000E008208DF80000607A9DF80010B0EBCD
:108D0000D10F04D005E01020F4E71820F2E700208E
:108D100038BD20686B460122C17960680078FCF795
:108D200066FC08B1284638BD9DF80000C008607296
:108D3000EDE700001C000020F8B5354C0546A07C8E
:108D4000A84201D10020F8BD31484FF0FF366B46F4
:108D5000D0E900104FF001020979007835B3FCF733
:108D6000B9FB70BB9DF800006B4620F020008DF829
:108D7000000020680122017960680078FCF737FC68
:108D8000F8B90320FAF74CFA02208DF8000094F8A5
:108D9000220078B382202BE020686B460122017DFF
:108DA00060680078FCF723FC58B92EE0FCF792FBD2
:108DB00038B9A07AC0079DF8000003D040F0200029
:108DC00002E00CE020F020008DF8000020686B46E7
:108DD0000122017960680078FCF709FC08B130468F
:108DE000F8BD0320FAF71CFA94F8220000B18020A5
:108DF0008DF8000094F823000028CDD09DF80000E5
:108E000040F030008DF80000C6E7A5749AE7000036
:108E10001C00002038B51C4C94F8241081421DD051
:108E2000002500B394F82500D0B1002001F02EF801
:108E30000020FFF781FFE08C00F0C6F88DF80050AD
:108E400060686B46012200782321FCF7D0FB0120EB
:108E500084F8240001F01AF8FFF712FE002038BD54
:108E60004FF0FF3038BD002001F010F8207C8DF865
:108E7000000060686B46012200782321FCF7B7FBF5
:108E800084F82450E8E700001C00002038B5194C95
:108E90004FF0FF35A17A31B3FA2809D0B0F5FA7F47
:108EA00008D0B0F57A7F0FD0B0F5FA6F1BD10DE086
:108EB000002000E008208DF80000207A9DF80010C6
:108EC000B0EBD10F04D005E01020F4E71820F2E752
:108ED000002038BD20686B460122817960680078E7
:108EE000FCF785FB08B1284638BD9DF80000C00896
:108EF0002072EDE71C00002038B5174C054694F8A9
:108F00002300A84201D1002038BD0DB1302000E07F
:108F100000208DF80000A07C28B19DF8000040F0F2
:108F200002008DF8000094F8220028B19DF800009E
:108F300040F080008DF8000020686B460122017D22
:108F400060680078FCF753FB10B14FF0FF3038BD7C
:108F500084F82350D7E700001C00002038B5194CD6
:108F60004FF0FF35A17A31B3BC2801D3012010E0C6
:108F7000622801D302200CE02A2801D3032008E054
:108F8000142801D3042004E00A2801D3052000E0BE
:108F900006208DF80000E07A9DF80010884201D18B
:108FA000002038BD20686B46012281786068007817
:108FB000FCF71DFB08B1284638BD9DF80000E072A3
:108FC000EEE700001C000020F8B51E4D04464FF0EF
:108FD000FF37A87A48B395F8240030BB287D4FF4BA
:108FE0007A7648B164B1282C03D8E0B2FFF77AFC56
:108FF00026E00020FFF776FC042C05D2042406E0CE
:109000000020FFF76FFCF9E7B44200D93446B6FB05
:10901000F4F0401E8DF8000028686B46012241786C
:1090200068680078FCF7E3FA08B13846F8BD9DF8A7
:109030000000401CB6FBF0F0E8814008FFF78EFF0F
:109040000020F8BD1C000020F8B5054610F0700F98
:109050004FF0000601D0012004E015B18DF800604A
:1090600002E040208DF80000244C6B46012220686D
:10907000817C60680078FCF7BAFA4FF0FF3760BB7C
:109080009DF8000020F0400020738DF80060680615
:1090900002D404208DF80000A80605D49DF8000035
:1090A00040F002008DF80000E80605D49DF80000AD
:1090B00040F001008DF80000280705D49DF800005D
:1090C00040F038008DF8000020686B460122C17C1A
:1090D00060680078FCF78BFA10B1A6723846F8BDCC
:1090E00025B1082D02D00020FFF706FFA5722675D6
:1090F0003220FAF795F80020F8BD00001C0000208F
:10910000F8B516000D464FF0FF371FD0104CA17A6E
:10911000E1B1010A8DF80010C0B28DF801004119CB
:1091200060684289914211D8216800786B46097EB7
:109130000222FCF75CFA48B92068EAB23346417D66
:1091400060680078FCF753FA002800D03846F8BD74
:109150001C00002010B5EFF3058149B9EFF3108131
:1091600031B908490968022905D1EFF3118111B11C
:109170006FF0050403E0002408B101F009F820466F
:1091800010BD000048010020EFF3058058B9EFF34F
:10919000108040B909490868022801D030B109E0BF
:1091A000EFF3118030B16FF00500704701200860C7
:1091B000002070474FF0FF3070470000480100204A
:1091C00010B5EFF3058060B9EFF3108048B90B4993
:1091D0000868022802D0012806D00BE0EFF31180C6
:1091E00040B16FF0050010BD0220086001F038F8B2
:1091F000002010BD4FF0FF3010BD000048010020DE
:109200003EB5040001D0002903DA6FF0030001909D
:1092100035E04FF0FF300190EFF3058048B9EFF3F0
:10922000108030B91748006802281DD1EFF3118073
:10923000D0B1002502A800902B46012202952046BD
:1092400001F0FCFC002201AB11462046009501F024
:10925000F5FC029898B10C494FF080500860BFF3BC
:109260004F8FBFF36F8F0AE000230122204601F0E9
:1092700081FC002201AB1146204601F07BFC0198E5
:109280003EBD00004801002004ED00E02DE9F84F4C
:10929000894605464FEA0206EFF3058048B9EFF329
:1092A000108030B924480068022805D1EFF31180FE
:1092B00010B16FF005041EE0002D02DA6FF0030418
:1092C00019E05FEA897002D54FF0000800E0A84677
:1092D0000024924601F03EFD8346E71E53466A464F
:1092E0004146002001F0BAFD012807D00EB36FF00F
:1092F00001040028F2D12046BDE8F88F00982C40E8
:1093000004435FEAC9700BD035EA0400F3D056B1CC
:1093100001F020FDA0EB0B00504506D9002006E02F
:109320002542E8D1F3E73C46E5E7AAEB0000824698
:10933000D4E73C46DDE7000048010020F0B585B0E9
:109340004FEA01034FF00004EFF305810394A1BB42
:10935000EFF3108189BB21490968022902D1EFF39B
:10936000118151BB48B3802618218DF8104004ADFF
:1093700042B3176807B13D4697691FB139467F1E52
:10938000382F02D21779FF0702D0002005B0F0BDB8
:10939000576907B1BE08D2F808C0BCF1000F0DD064
:1093A000D4685C2C18D312693AB137B18DE8061035
:1093B0003246294601F0B3FB03900DE0D7685FB950
:1093C00012694AB903AACDE90012B2B2294601F0E6
:1093D00079FB012800D003940398D7E748010020C7
:1093E0002DE9F041134C0F46054666692068001DC3
:1093F00000F09EFD681C07D137B12168BDE8F0413F
:109400000D48091D00F0E4BD20683544B5424560B3
:10941000216805D2A068BDE8F041091D00F0C0BD7B
:109420006068091D00F0BCFD206B854200D22563F9
:10943000BDE8F081F8000020FC0900202DE9F04192
:10944000054600F0D1FD2D4C2069401C20612068AC
:109450002B4F10B1E06930B32BE025602069012863
:1094600027D1002606EB860007EB800000F08AFD7E
:10947000761C382EF6D3234800F084FD21481430A2
:1094800000F080FD1F48283000F07CFD1D483C3076
:1094900000F078FD1B48503000F074FD1948606002
:1094A0001430A06005E02068E96AC06A884200D8EC
:1094B0002560E06A401CE0626864E86AA16988424D
:1094C00000D9A06100EB800007EB8000291D00F0AF
:1094D0007FFD00F0A9FDE06900280CD02068E96A52
:1094E000C06A884207D208494FF080500860BFF335
:1094F0004F8FBFF36F8FBDE8F0810000F8000020B0
:109500004C050020AC09002004ED00E0D0E9012169
:1095100000680A44101A814200D8401A70470000BF
:1095200038B500F061FD104CA068C8B90F4800F0D4
:1095300029FD0E48143000F025FD0C482060143041
:1095400060600A4B00202833009003F15002102184
:109550000A2000F06DFFA06010B105A100F0E2FD4F
:10956000BDE8384000F060BD34010020100A002042
:10957000546D72510000000030B4026C0B46002A9A
:109580000BD0C1681144C1604468A14201D3016895
:10959000C16030BC1846F7F7CCB830BC70472DE935
:1095A000F041856B174604460026026C82B1C7B1B4
:1095B000E068F7F7BEF8E168206C091AE1602268FC
:1095C000914202D26168081AE060022F16D017E0BB
:1095D0002068A8B9606801F087FC0646002060603A
:1095E0000EE0A068F7F7A5F8216CA0680844A06019
:1095F0006168884204D32068A06001E005B16D1E57
:109600006D1CA5633046BDE8F08110B5044690F8A6
:10961000590058B101280CD002280FD0502080F3F7
:109620001188BFF34F8FBFF36F8FFEE7206B00F001
:109630000FFD2046BDE8104000F00ABD10BD00003F
:1096400010484FF44051420706D0C01D0D4920F08C
:109650000700411AC1F540510B4A00230144C2E9F9
:1096600000030839103A21F0070111604B600B60CC
:109670000B1AC0E9001393604FF000405360D060B4
:1096800070470000E01100205C010020144E154CD2
:10969000A6F29C474FF08058DFF84C9012E000BFD4
:1096A00000F0A2FCF068C568281D00F041FC2069AC
:1096B000401E2061E068401EE06000F0B5FC2846D6
:1096C000FFF7A3FFE0680028EAD138680128F9D93C
:1096D000C9F80080BFF34F8FBFF36F8FF2E7000030
:1096E000E8090020F800002004ED00E070B51D46F8
:1096F000049C51B1C4F80020C4E90F0101212046A7
:1097000000F0CAFE84F84C5070BD2460F4E72DE9E7
:10971000F0410D4604461E46174655212846DDF801
:109720001880F7F74BF8A84207D0502080F3118833
:10973000BFF34F8FBFF36F8FFEE724212046F7F76B
:1097400050F8A561C4E90276B8F1000F03D0207F7C
:1097500040F001002077BDE8F0812DE9F0470E468A
:10976000DDE909841746824691009946089DA522A5
:10977000206BF7F72EF86FF00301206B01EB8701E8
:10978000084420F00707780707D0502080F311889D
:10979000BFF34F8FBFF36F8FFEE72218315C82F863
:1097A0003410315C11B1401C1028F6D3002684F827
:1097B0004360382D00D33725E562C4E91356201DD8
:1097C00000F0EBFB04F1180000F0E7FB2461C5F1A9
:1097D00038006462A061666584F858604A46514664
:1097E000384600F001FB2060B8F1000F01D0C8F846
:1097F0000040BDE8F087000030B5114900E0114697
:109800000A688242FBD34B685C18844203D14068EB
:1098100018444860084643681C18944209D1084C13
:10982000103C2468A24209D052681A4442600A6877
:1098300012680260814200D0086030BD0460F9E720
:109840005C01002070B5002441600B4D0061914225
:1098500006D8D11A8269914206D2011D686807E0D4
:109860009A4203D2994201D3012403E0011D2868E2
:1098700000F096FB204670BD3401002010B5044670
:1098800000F0B2FBA06B28B15FF0000400F0CCFB4D
:10989000204610BD0124F9E730B589B0304D55E0C0
:1098A0000498002806DADDE90601059A9047049835
:1098B00000284BDB069C606910B1201D00F038FBCE
:1098C00002A800F021F9024604980A283ED2DFE8F7
:1098D00000F00505053D263705053D260598A169DB
:1098E000034601442046FFF7ADFF00B3616A2046FE
:1098F0008847E069012829D1002000900598A169D6
:10990000002342181946204601F0F8FB78B9502090
:1099100080F31188BFF34F8FBFF36F8FFEE7059879
:10992000A06128B1811813462046FFF78BFF0DE098
:10993000502080F31188BFF34F8FBFF36F8FFEE786
:1099400094F82C0010B9204600F082FB002204A9F4
:10995000A86800F0F3FE0028A2D109B030BD0000D5
:10996000340100202DE9FC410F46054600F0BCFC07
:1099700001A800F0C9F80446019818B101F02CFBC9
:10998000BDE8FC81224EAFB170680068A8B3002723
:10999000291B3A46B06800F0D9FB01F01DFB0028F6
:1099A000EED11C494FF080500860BFF34F8FBFF3DA
:1099B0006F8FE5E7A542EBD801F00EFB3068274634
:1099C000C068C468201D00F0B3FAE069012810D116
:1099D000A0692B4641193A462046FFF733FF40B1B4
:1099E00000200346014600902A46204601F086FBEF
:1099F00020B1616A20468847C2E707E0502080F323
:109A00001188BFF34F8FBFF36F8FFEE70127BFE7CA
:109A10003401002004ED00E02DE9F047904689462E
:109A20000646434500D343461C0038D03768B0682B
:109A3000C51BA54200D31D46454507D9502080F3DC
:109A40001188BFF34F8FBFF36F8FFEE77919814203
:109A500007D9502080F31188BFF34F8FBFF36F8F6A
:109A6000FEE7B0692A46C1194846F6F762FEAC42E5
:109A70000FD9444507D9502080F31188BFF34F8F89
:109A8000BFF36F8FFEE7621B09EB0500B169F6F7C4
:109A900050FEB1683819814200D8401A3060204623
:109AA000BDE8F0872DE9F8431D46089C1646894617
:109AB00007467CB1D7F80080224669463846FFF752
:109AC000ABFF00982D1BB04205D9C7F800800020DD
:109AD000009000E000922B4649463846009AFFF776
:109AE0009BFFBDE8F883000006484168096829B17A
:109AF0004168C968C9684968016370474FF0FF3120
:109B0000FAE70000F800002070B5054601F022F9E0
:109B1000064E04463069844203D200F009F8012061
:109B200000E0002028602046346170BD3401002030
:109B3000F8B5194D1FE0C068C4680668201D00F024
:109B4000F7F9616A20468847E069012813D1A069C6
:109B50003044B04206D924616060211D286800F0BD
:109B60001FFA08E0002003460146009032462046D6
:109B700001F0C4FA38B1286801680029DBD16968AE
:109B8000C5E90010F8BD502080F31188BFF34F8F56
:109B9000BFF36F8FFEE700003401002008484068E3
:109BA000401C4FF0500080F3118804D0BFF34F8F5A
:109BB000BFF36F8FFEE7BFF34F8FBFF36F8FFEE7EB
:109BC00064010020074C2068016841B1C068002191
:109BD000D0F80000FFF7C6FEFFF75EFEF3E70121B5
:109BE0000020F7E7340100202DE9F041044600F0A1
:109BF000FBF994F9455004F1240609E0606A48B184
:109C0000304601F0B1F908B100F0F0FA6D1E6DB206
:109C1000002DF3DC4FF0FF3684F8456000F004FAC5
:109C200000F0E2F994F9445004F1100709E02069CA
:109C300048B1384601F098F908B100F0D7FA6D1E26
:109C40006DB2002DF3DC84F84460BDE8F04100F013
:109C5000EBB92DE9F04188460546160010D06F6833
:109C6000A868C41BB44200D31446391981420FD9E5
:109C7000502080F31188BFF34F8FBFF36F8FFEE743
:109C8000502080F31188BFF34F8FBFF36F8FFEE733
:109C9000A869224638444146F6F74BFDA64210D942
:109CA000A868321B824207D9502080F31188BFF385
:109CB0004F8FBFF36F8FFEE708EB0401A869F6F73B
:109CC00038FDA968B819814200D8401A686030464A
:109CD000BDE8F0817FB5044608980D46B3B1217FF9
:109CE000C9070DD0834211D3042202A92046FFF7F1
:109CF000B0FF029A29462046FFF7ABFF04B070BDC3
:109D0000029A9A4200D31A460292F3E70020F5E73E
:109D10002DE9F0410546002700F0E6FA314E3068A3
:109D200008B9FFF78DFCF06805424BD1C5B3083583
:109D300068070ED005F00700C0F108000544680769
:109D400007D0502080F31188BFF34F8FBFF36F8F80
:109D5000FEE72DB37068854234D8224810300146A2
:109D60000C6801E020460C466168A94202D22168D5
:109D70000029F7D131688C4224D00768216801603E
:109D800060680837411B10290FD96019420708D0B5
:109D9000502080F31188BFF34F8FBFF36F8FFEE722
:109DA00010E041606560FFF727FD61687068401A48
:109DB0007060B268904200D2B060F0680143002049
:109DC000C4E9000101F008F9780707D0502080F3BA
:109DD0001188BFF34F8FBFF36F8FFEE73846BDE8A2
:109DE000F08100004C01002010B5031F4FF080747B
:109DF0001C601B1F21F001011960191F024B0B6031
:109E0000143940380A6010BD9D9B000810B588B019
:109E1000694604A8FEF7E4FE032802D0012008B03A
:109E200010BD07A8FEF732FC049802F027F9079945
:109E30000C4602F04FF902F0E5F80490059802F0A4
:109E40001DF9214602F046F902F0DCF8059006986B
:109E500002F014F9214602F03DF902F0D3F8069021
:109E600004A8FDF739FD03A8FEF7D4FBBDF80C00EC
:109E70000099414300910199414301910299414365
:109E800068460291FDF78AFC0020C8E7F8B5144C3B
:109E90000146224694F82460D2E9000200235D1EA8
:109EA00056B179B1022111E0C17B10786B460122D5
:109EB000FBF79DFB68B90EE0A67A56B111B1617C43
:109EC00061B902E08DF80030EEE701218DF8001055
:109ED000EAE72846F8BD9DF8000060740020F8BD50
:109EE0001C0000202DE9F04106460F4601F064FDFC
:109EF000041E0D4618BF0120284320F00040C0F189
:109F00007F6000F1E040C00F0ED0301C18BF012070
:109F1000384320F00040C0F17F6000F1E040C00F06
:109F200004BF0120F6F743FD20462946BDE8F08135
:109F3000D0E9013201699A60D0E901235A604A6888
:109F4000824201D182684A60002202610868401E94
:109F50000860086870470000034B036003F15C0071
:109F60000860802010607047280B0020044B0360BD
:109F700003F15C0008604FF48070106070470000CF
:109F8000840D002000F108014FF0FF32C0E90112FA
:109F9000C1600161002101607047002101617047CB
:109FA00030B50B685A1C02D000F1080202E00269C9
:109FB00004E02246546825689D42FAD953684B60F4
:109FC00099608A60516008610168491C016030BD78
:109FD00042684A6093688B60936859609160086139
:109FE0000168491C01607047502080F31188BFF35D
:109FF0004F8FBFF36F8F0A494868401C48600128A3
:10A000000CD10848006810F0FF0F07D0502080F3F3
:10A010001188BFF34F8FBFF36F8FFEE770470000CB
:10A020006401002004ED00E00849486828B1401EA2
:10A03000486001D180F311887047502080F3118867
:10A04000BFF34F8FBFF36F8FFEE700006401002066
:10A0500070B5002827D0144DA0F108046168E868A5
:10A06000014207D1502080F31188BFF34F8FBFF317
:10A070006F8FFEE722683AB1502080F31188BFF35A
:10A080004F8FBFF36F8FFEE78143616000F02CF9C3
:10A0900060686968084468602046FFF7ADFBBDE86A
:10A0A000704000F099BF70BD4C0100204FF0E020DF
:10A0B00000210161816105494FF47A720968B1FBA1
:10A0C000F2F1491E4161072101617047F40000204F
:10A0D00010B5F6F717F9114910280ED300F1E0205A
:10A0E00090F8F0030A78904207D2502080F311884C
:10A0F000BFF34F8FBFF36F8FFEE709480068896891
:10A1000000F4E060884207D9502080F31188BFF343
:10A110004F8FBFF36F8FFEE710BD0000640100207A
:10A120000CED00E010B5084B002200BF53F83240A0
:10A130001CB1521C082AF9D310BD43F8321003EBAE
:10A14000C201486010BD00000C05002070B5154626
:10A150000E460446FFF748FF94F944100020491CBE
:10A1600001D184F8440094F94510491C01D184F8C8
:10A170004500FFF759FFA06B28B92A46314604F184
:10A18000240000F051F82046BDE87040FFF72CBDD8
:10A1900010B5020014D00F48806B38B1502080F306
:10A1A0001188BFF34F8FBFF36F8FFEE700F09CF86D
:10A1B00000211046FFF714F900F00EFF002807D128
:10A1C00005494FF080500860BFF34F8FBFF36F8F8A
:10A1D00010BD0000F800002004ED00E002498A6A8A
:10A1E0000260496941607047F80000200149012080
:10A1F00048627047F800002010B50C4650B109497C
:10A2000009681831FFF7CCFE2046BDE81040012157
:10A21000FFF7E6B8502080F31188BFF34F8FBFF3EC
:10A220006F8FFEE7F800002070B514460D4668B148
:10A230000A4909681831FFF7CBFE0CB14FF0FF3522
:10A2400021462846BDE87040FFF7CAB8502080F389
:10A250001188BFF34F8FBFF36F8FFEE7F800002028
:10A2600030B587B00024039405AA04A903A8049478
:10A27000FFF772FEDDE903010094CDE90110002330
:10A2800015A11748059A00F04AFC164D002868638E
:10A290001FD000F003FF012809D0401C19D1502025
:10A2A00080F31188BFF34F8FBFF36F8FFEE750200D
:10A2B00080F31188BFF34F8FBFF36F8F4FF0FF30E4
:10A2C00028630120E8616C6107B0BDE8304000F010
:10A2D00045B807B030BD000049444C4500000000BF
:10A2E0008D960008F80000200248816B491C8163AC
:10A2F00070470000F8000020164810B5816B11B1BE
:10A300000121416210BD002141628169124A01E0D0
:10A31000B9B1491E01EB810352F82330002BF7D06D
:10A3200001EB810302EB830202F1080453685B68CE
:10A330005360A34201D15B685360DA6802608161B7
:10A3400010BD502080F31188BFF34F8FBFF36F8F84
:10A35000FEE70000F80000204C0500201CB526494F
:10A3600008780190FF20087008788DF800009DF8AB
:10A3700000009DF8002000F0F000904207D050202F
:10A3800080F31188BFF34F8FBFF36F8FFEE79DF807
:10A3900000001A4B00F0500018700720986005E08C
:10A3A0009DF8002052008DF80020401E9DF80020EE
:10A3B0001206F5D49860032807D0502080F3118846
:10A3C000BFF34F8FBFF36F8FFEE74FF4407098607D
:10A3D000019808700A48016841F470010160016841
:10A3E00041F070410160FFF761FE00205860F5F711
:10A3F00053FF00201CBD000000E400E064010020C9
:10A4000020ED00E010B5502080F31188BFF34F8F8E
:10A41000BFF36F8F00F0A4FC18B104494FF08050D7
:10A420000860002080F3118810BD000004ED00E0FA
:10A4300038B5049D18B153B1CAB181B120E05020A4
:10A4400080F31188BFF34F8FBFF36F8FFEE750206B
:10A4500080F31188BFF34F8FBFF36F8FFEE750205B
:10A4600080F31188BFF34F8FBFF36F8FFEE739B1D1
:10A47000502080F31188BFF34F8FBFF36F8FFEE73B
:10A4800050241C46012384F846302B460094FFF7E5
:10A490002DF9204638BD000070B50D46040025D0CA
:10A4A000FFF7A2FDD4E90F20216802FB00116160D3
:10A4B0000021A1632168A1600A46D4E90F01401E72
:10A4C00000FB0121E16021464FF0FF3001F8440F0D
:10A4D000487004F110008DB1FFF754FD04F1240021
:10A4E000FFF750FDFFF7A0FD012070BD502080F365
:10A4F0001188BFF34F8FBFF36F8FFEE721690029EB
:10A50000F0D000F031FD0028ECD004494FF080502D
:10A510000860BFF34F8FBFF36F8FE3E704ED00E0F8
:10A520002DE9FF4782B01D468A464FF0000804001F
:10A5300003D0BAF1000F08D011E0502080F3118849
:10A54000BFF34F8FBFF36F8FFEE7206C38B1502001
:10A5500080F31188BFF34F8FBFF36F8FFEE7022D9B
:10A560000AD1E06B012807D0502080F31188BFF397
:10A570004F8FBFF36F8FFEE700F0DEFB3F4F4FF0D2
:10A5800000094FF0805648B9049838B1502080F344
:10A590001188BFF34F8FBFF36F8FFEE7FFF724FDE6
:10A5A000A06BE16B884207D3022D05D00498D0B18F
:10A5B000B8F1000F1AD01EE02A4651462046FEF799
:10A5C000EEFF616A19B104F1240000F0CDFC20B166
:10A5D0003E60BFF34F8FBFF36F8FFFF725FD012064
:10A5E00006B0BDE8F087FFF71FFD22E06846FFF7E1
:10A5F000F5FD4FF00108FFF717FDFFF775FEFFF7B8
:10A60000F3FC94F94400401C01D184F8449094F97F
:10A610004500401C01D184F84590FFF705FD04A9D1
:10A62000684600F015FA30B12046FFF7DDFA00F079
:10A63000D3FC0020D4E7FFF7D7FCA06BE16B884286
:10A6400013D1FFF7F1FC04F110000499FFF7D4FDDA
:10A650002046FFF7C9FA00F0BFFC00289ED13E60FB
:10A66000BFF34F8FBFF36F8F98E7FFF7DDFC2046F6
:10A67000FFF7BAFA00F0B0FC90E7000004ED00E04C
:10A680002DE9F0471F4690468946040003D0B9F1F2
:10A69000000F08D011E0502080F31188BFF34F8FD6
:10A6A000BFF36F8FFEE7206C38B1502080F3118824
:10A6B000BFF34F8FBFF36F8FFEE7022F0AD1E06B1E
:10A6C000012807D0502080F31188BFF34F8FBFF3CC
:10A6D0006F8FFEE7FFF7FCFC5020EFF3118680F34D
:10A6E0001188BFF34F8FBFF36F8FA06BE16B884270
:10A6F00006D3022F04D0002086F31188BDE8F0872E
:10A7000094F945503A4649462046FEF748FF681CF2
:10A7100004D06D1C84F845500120EDE7606A0028E4
:10A72000FAD004F1240000F01FFC0028F4D0B8F1A6
:10A73000000FF1D00121C8F80010EDE72DE9F7472F
:10A74000002683B08A46040003D0BAF1000F08D077
:10A7500011E0502080F31188BFF34F8FBFF36F8F4C
:10A76000FEE7206C38B1502080F31188BFF34F8F83
:10A77000BFF36F8FFEE700F0DFFADFF8F4804FF0F1
:10A7800000094FF0805748B9059838B1502080F340
:10A790001188BFF34F8FBFF36F8FFEE7FFF724FCE5
:10A7A000A56BC5B151462046FEF7E6FE6D1EA563BA
:10A7B000206950B104F1100000F0D6FB28B1C8F8B0
:10A7C0000070BFF34F8FBFF36F8FFFF72DFC012099
:10A7D00006B0BDE8F087059808B11EB106E0FFF7A6
:10A7E00023FC27E06846FFF7F9FC0126FFF71CFC75
:10A7F000FFF77AFDFFF7F8FB94F94400401C01D104
:10A8000084F8449094F94500401C01D184F84590A7
:10A81000FFF70AFC05A9684600F01AF9002820464F
:10A820000AD0FFF7E1F900F0D7FB2046FFF726F842
:10A830000028B3D00020CBE7FFF720F890B104F157
:10A8400024000599FFF7D8FC2046FFF7CDF900F06A
:10A85000C3FB0028A2D1C8F80070BFF34F8FBFF32D
:10A860006F8F9BE72046FFF7BFF900F0B5FB95E738
:10A8700004ED00E0F8B516460C46042807D8502031
:10A8800080F31188BFF34F8FBFF36F8FFEE78442D1
:10A8900007D9502080F31188BFF34F8FBFF36F8F1C
:10A8A000FEE704B90124471C2530FFF731FA050003
:10A8B00007D023463A4605F1240128460096FEF7C4
:10A8C00026FF2846F8BD2DE9F84F994693465FEAE2
:10A8D000010A04464FF0000705D064B1207FC0078D
:10A8E00011D0042610E0502080F31188BFF34F8F61
:10A8F000BFF36F8FFEE7502080F31188BFF34F8FB7
:10A90000BFF36F8FFEE700264FF00008B9F1000F8C
:10A9100023D0FFF769FB2046FEF7F8FD0546B0425D
:10A920000FD8002000F080FA206938B1502080F361
:10A930001188BFF34F8FBFF36F8FFEE700F0F6F97A
:10A940002061FFF771FBB5420BD800224B46511E28
:10A95000104600F083FAC4F810802046FEF7D6FDBA
:10A960000546B54216D92B465A4651462046009612
:10A97000FFF798F807000DD0FFF7B6FC606938B113
:10A98000606900231A46194600F0F4F8C4F81480F0
:10A9900000F022FB3846BDE8F88FF8B51E46154694
:10A9A0000F00044613462ED0ACB3207FC00700D062
:10A9B000131D204600F038F8009303462A46394616
:10A9C0002046FFF787F907001BD02046FEF79EFDC3
:10A9D000E168884215D35020EFF3118580F3118888
:10A9E000BFF34F8FBFF36F8F206940B1009620698E
:10A9F00000231A46194600F021F90020206185F352
:10AA000011883846F8BD502080F31188BFF34F8F6E
:10AA1000BFF36F8FFEE7FFE7502080F31188BFF38D
:10AA20004F8FBFF36F8FFEE748B1026881684068BF
:10AA30000A44101A401E814200D8401A7047502024
:10AA400080F31188BFF34F8FBFF36F8FFEE70000D5
:10AA50002DE9F0410C46050011D0C4B1FFF7C4FA4E
:10AA6000174B5A696E682068911B471C17D02F68D6
:10AA70009B6A9F4219D0964217D8012410E05020BB
:10AA800080F31188BFF34F8FBFF36F8FFEE7502025
:10AA900080F31188BFF34F8FBFF36F8FFEE7002461
:10AAA000FFF7C2FA2046BDE8F081884205D9401A76
:10AAB00020602846FFF792FBF1E700202060DCE7EA
:10AAC000F80000202DE9FF5F8346DDE90E879946F7
:10AAD00016468A469000FFF71BF905001CD05C2043
:10AAE000FFF716F9040014D00020256384F85900FC
:10AAF000CDE90240CDE900874B46324651465846E3
:10AB0000FEF72BFE2046FEF799FC012004B0BDE8BD
:10AB1000F09F2846FFF79CFA4FF0FF30F6E7F0B5BC
:10AB200085B0DDE90B640A9DA6B1DCB15C27009716
:10AB30002663022684F85960002604AFCDE9024658
:10AB4000CDE90057FEF709FE2046FEF777FC049892
:10AB500005B0F0BD502080F31188BFF34F8FBFF3D5
:10AB60006F8FFEE7502080F31188BFF34F8FBFF344
:10AB70006F8FFEE72DE9F0411F4690460D460126F6
:10AB800090B10446FFF730FA0FB1606D386094F869
:10AB90005800022184F85810B8F1050F16D2DFE8EA
:10ABA00008F0150B0E141200502080F31188BFF32B
:10ABB0004F8FBFF36F8FFEE7616D294301E0616D39
:10ABC000491C616502E0022803D06565012802D0B6
:10ABD00029E0002627E0201DFFF7AAF9144DE06ABE
:10ABE000A969884200D9A861124900EB800001EBF5
:10ABF0008000211DFFF7ECF9A06A38B1502080F3E6
:10AC00001188BFF34F8FBFF36F8FFEE7E06A2968AB
:10AC1000C96A884207D908494FF080500860BFF3DD
:10AC20004F8FBFF36F8FFFF7FFF93046BDE8F0811C
:10AC3000F80000204C05002004ED00E02DE9F0476D
:10AC40001F46DDF8209092460D4604004FF00108A3
:10AC50001AD0FFF73DFA5020EFF3118680F31188E8
:10AC6000BFF34F8FBFF36F8F0FB1606D386094F8F3
:10AC70005800022184F85810BAF1050F16D2DFE807
:10AC80000AF0150B0E141200502080F31188BFF348
:10AC90004F8FBFF36F8FFEE7616D294301E0616D58
:10ACA000491C616502E0022803D06565012803D0D4
:10ACB00030E04FF000082DE0A06A38B1502080F35A
:10ACC0001188BFF34F8FBFF36F8FFEE7144DA86B52
:10ACD00018B104F1180113480DE0201DFFF728F901
:10ACE000E06AA969884200D9A8610F4900EB800099
:10ACF00001EB8000211DFFF76BF9E06A2968C96A42
:10AD0000884207D90120B9F1000F02D0C9F800002C
:10AD100000E0686286F311884046BDE8F0870000D5
:10AD2000F8000020D40900204C05002001480068EC
:10AD300070470000F80000200548C16919B1806B18
:10AD400018B10020704701207047022070470000B2
:10AD5000F80000200148406970470000F80000201A
:10AD60002DE9F0412E4C0027A06B40B1206A401C19
:10AD70002062606A00B101273846BDE8F08166694B
:10AD8000761C666113D16068006838B1502080F38A
:10AD90001188BFF34F8FBFF36F8FFEE76068A16824
:10ADA0006160A060A06A401CA062FEF79DFE206B5F
:10ADB000DFF87080864209D36068006880B16068FF
:10ADC000C068C568686886420DD220632068C06A82
:10ADD00000EB800158F821000128CAD90127C8E7F3
:10ADE0004FF0FF30F1E7281DFFF7A2F8A86A18B16D
:10ADF00005F11800FFF79CF8E86AA169884200D9BC
:10AE0000A06100EB800108EB8100291DFFF7E0F84D
:10AE1000E86A2168C96A8842CED30127CCE70000DE
:10AE2000F80000204C05002010B568B14FEA00047E
:10AE3000FFF7DAF894F85800022808D05FF0000411
:10AE4000FFF7F2F8204610BD03480468F0E7002041
:10AE500084F858000124F3E7F80000202DE9F041C0
:10AE60001E46154688460746FFF7BEF81C4C20686C
:10AE700090F85800022814D02068416DB94341650C
:10AE80002168012081F858005EB101213046FEF7AB
:10AE9000A7FA14494FF080500860BFF34F8FBFF3FB
:10AEA0006F8FFFF7C1F8FFF79FF815B12068406D6D
:10AEB0002860206890F85800022801D0002505E09D
:10AEC0002068416D21EA08014165012521680020C3
:10AED00081F85800FFF7A8F82846BDE8F081000087
:10AEE000F800002004ED00E070B504004FF0000110
:10AEF00033D01B4D2868844207D0502080F311883E
:10AF0000BFF34F8FBFF36F8FFEE7206D38B1401E48
:10AF10002065E36CE26A9A421FD040B11DE05020E8
:10AF200080F31188BFF34F8FBFF36F8FFEE7201DB3
:10AF3000FEF7FEFFE06CE062C0F13800A061E06A5D
:10AF4000A969884200D9A861064900EB800001EB9D
:10AF50008000211DFFF73CF80121084670BD00006C
:10AF6000F80000204C05002070B5C068C46854B1DA
:10AF700004F118000646FEF7DBFF144DA86B50B134
:10AF80003146134815E0502080F31188BFF34F8FEE
:10AF9000BFF36F8FFEE7201DFEF7CAFFE06AA969C5
:10AFA000884200D9A8610B4900EB800001EB8000CA
:10AFB000211DFFF70DF8E06A2968C96A884202D9A5
:10AFC0000120686270BD002070BD0000F800002004
:10AFD000D40900204C0500202DE9F0472C4D002419
:10AFE0002746A86B38B1FEF7FFFFA86B401EA86389
:10AFF000A86B40B146E0502080F31188BFF34F8F1B
:10B00000BFF36F8FFEE72969224E0120D1B3A6F569
:10B01000916980463068E0B1F068C46804F11800B6
:10B02000FEF786FF201DFEF783FFE06AA9698842CC
:10B0300000D9A86100EB800109EB8100211DFEF71A
:10B04000C7FFE06A2968C96A8842E3D3C5F824804B
:10B05000E0E70CB1FEF748FD2C6A4CB14FEA080658
:10B06000FFF77EFE00B16E62641EF9D100202862F7
:10B07000686A38B10849012738070860BFF34F8F65
:10B08000BFF36F8FFEF7D0FF3846BDE8F0870000B2
:10B09000F8000020D409002004ED00E010B586B0CF
:10B0A000FEF73EFA114CA068B8B10020039004905E
:10B0B00005AA04A903A8FEF759FFDDE9032128200A
:10B0C0008DE8070000230AA10B48059AFFF727FD2A
:10B0D000E06010B106B0012010BD502080F311884F
:10B0E000BFF34F8FBFF36F8FFEE7000034010020E6
:10B0F000546D722053766300C59B00082DE9FF4113
:10B100001E46134602000A9D4FF0000016D0144C54
:10B11000A768002F0FD0CDE900130292062917DA95
:10B12000FFF70AFE02284FF000030FD00022694605
:10B13000A068FFF7F5F904B0BDE8F081502080F376
:10B140001188BFF34F8FBFF36F8FFEE72A46EEE7FC
:10B150000023324669463846FFF792FAEBE70000D3
:10B160003401002010B500290AD00878002807D043
:10B1700005487844F5F75CFB002801D0002010BD9D
:10B180000248784410BD0000962C00008E2C000070
:10B1900010B500290AD00878002807D0054878445F
:10B1A000F5F746FB002801D0002010BD0248784486
:10B1B00010BD0000862C00007E2C000021F0004213
:10B1C000A2F16052B2F5801F01F0004328BFD2F116
:10B1D0007F6C0BD95FEA001C43EAC20242EB50705D
:10B1E00018BF704728BF20F001007047B2F5801FDC
:10B1F000BCBF184670474FEA410C1CF5001F02D235
:10B20000084601F02EB870B500F040FB0000008940
:10B21000FFF7F6BF4FF00040A0F580007047000038
:10B2200010B591EA030F48BF83F0004300F1B284E8
:10B23000841A71EB030C05D2121943EB0C03001BAB
:10B2400061EB0C01DFF824E14FEA1154A4EB135C2D
:10B250001EEA430F18BF9EEA445F73D023EA0E0331
:10B26000DCF1200E21EA045143F4801332D322FA98
:10B270000CFE10EB0E0023FA0CFE41EB0E01CCF19C
:10B28000200E03FA0EFE10EB0E0051F10001B1F595
:10B29000801FCCF1200E32D201EB045112FA0EF2D3
:10B2A000BDE8104058BF7047401C38BF5FEA4202FB
:10B2B00018BF7047002814BF20F0010041F10001C1
:10B2C0004FEA410313F5001F38BF7047A1F1C04199
:10B2D00000F02ABB012A43EB0302ACF1200CDCF1A5
:10B2E0001F0E32BF4FF0000E23FA0CF310EB0300D9
:10B2F00041EB0451B4EB115FD0D0A1EB045101F547
:10B30000801149085FEA300001EB04510ED350F17F
:10B31000000038BF12FA0EFE08D1BDE81040C9E7A0
:10B32000401C38BF5FEA4202CAD1C3E7BDE8104003
:10B330004FEA410313F5001F38BF7047A1F1C04128
:10B3400000F0F2BA9EEA445F08D011EA5E0FBDE851
:10B35000104004BF01F0004100207047BDE81040DC
:10B3600070B500F093FA00BF64FBBE3E0000E0FF42
:10B3700002494FF0000000F0F5BF00BF0000F87F69
:10B38000491058BFC1F140415B1058BFC3F1404361
:10B390008B42EFF3008070472DE9C04130B4DFF8F5
:10B3A000A0C23CEA111418BF3CEA131400F0EC8070
:10B3B00081EA03051CEA111444EAD57418BF1CEA9B
:10B3C000131500F0C780A4EB05044FF0004545EAD3
:10B3D000C12145EAC32341EA505143EA525304F1E3
:10B3E0007F74994204F500344FEAC0204FEAC2222C
:10B3F00008BF904200F09C804FEA13650FF24016A0
:10B40000765D4FEA134506FB05F7C7F1807706FB2B
:10B4100007F74FEAD737A7FB03687642C8F58038AD
:10B42000A7FB06CE38BFA8F1010807FB08E64FF0DE
:10B43000000EA6FB028CE6FB03CEDCF1000CCEF185
:10B44000004E38BFAEF1010EA6FB0C584FF00007BE
:10B450004FF00005E6FB0E87A1FB08C6A0FB07CE58
:10B4600016EB0E0645F10005E1FB076515F1E04E10
:10B470007EBFA4F580345FEA46066D4116F1800771
:10B4800045F100054FEA17274FEA066647EA0567C8
:10B49000A6F1DE46B6F1805F4FEA15251FD9384682
:10B4A00024F0010C05EBC471BCF1FE6F01EB0C1133
:10B4B00002D8F0BCBDE8008124425CBF01F5801ECB
:10B4C0009EEAC47F02D4F0BCBDE80081244238D497
:10B4D000F0BCA1F1C041BDE8004100F025BA4FEA3F
:10B4E000D22242EA43524FEAD323A7FB02864FEA15
:10B4F000D02040EA415007FB03661EEA0E0F4FEAD8
:10B50000D12105FB026658BFA6EB0056B6EB0056EC
:10B510004FEA520E4EEAC37E18EB0E0E56EB530E58
:10B52000BDD518EB02085E417F1C55F10005B6E75A
:10B530004FF480154FF000074FF000064FF0000861
:10B54000ADE7F0BC4FF0000001F1C04101F0004157
:10B55000BDE8008111EA0C1F0CEA131500D00CE0C5
:10B5600013EA0C1F00F025804FF00000F0BC81EAC8
:10B57000030101F00041BDE80081F0BCBDE80041DD
:10B5800081EA030100F0D0B9F0BCBDE8004170B51C
:10B5900000F07CF9097EFC3E00F007B881EA030167
:10B5A0004FF0000001F00041704781EA030100F014
:10B5B000BBB9F0BCBDE800414FF000002149704725
:10B5C000FFFDFBF9F7F5F4F2F0EEEDEBE9E8E6E468
:10B5D000E3E1E0DEDDDBDAD8D7D5D4D3D1D0CFCDEF
:10B5E000CCCBCAC8C7C6C5C4C2C1C0BFBEBDBCBB28
:10B5F000BAB9B8B7B6B5B4B3B2B1B0AFAEADACAB23
:10B60000AAA9A8A8A7A6A5A4A3A3A2A1A09F9F9EFC
:10B610009D9C9C9B9A9999989797969595949393AE
:10B62000929191908F8F8E8E8D8C8C8B8B8A898945
:10B6300088888787868585848483838282818180C8
:10B640000000FF070000F87F51EA030C17D41CF537
:10B65000801F58BFBCF5801F00F10680994218BFBB
:10B66000704708BF9042704707D711F5801F58BF39
:10B6700013F5801F19D499427047894270471CF511
:10B68000801F08D5BCF5801FF7D58B4218BF7047C7
:10B6900008BF824270474FF4001C1CEB410F38BFBB
:10B6A0001CEB430F01D28B42704770B500F0EEF8EF
:10B6B000922449004FF000514FF08053FFF760BED5
:10B6C00051EA030C17D41CF5801F58BFBCF5801F2E
:10B6D00000F10680994218BF704708BF904270473A
:10B6E00007D711F5801F58BF13F5801F19D4994251
:10B6F0007047894270471CF5801F08D5BCF5801F34
:10B70000F7D58B4218BF704708BF824270474FF48D
:10B71000001C1CEB410F38BF1CEB430F01D28B42C6
:10B72000704770B500F0B2F8922449004FF0005114
:10B730004FF08053FFF724BEDFF848C170B51CEA14
:10B74000111E1EBF1CEA13159EEA0C0F95EA0C0F82
:10B7500000F06F8081EA030423EA4C134EEAD47EA2
:10B7600021EA4C1141F4801143F48013AE44A1FB53
:10B77000024CA0FB0365AEF17F7E361955EB0C053C
:10B78000A1FB034C4CF10003A0FB021C16EB0C06C2
:10B79000654153F10003094218BF46F0010613F456
:10B7A000007F0BD14FEA03314FEA0530340341EA01
:10B7B000155140EA16506FF003020AE04FEAC32128
:10B7C0004FEAC520F40241EA555140EA56506FF065
:10B7D000020202EB2E4201EB025585EACE710AD03D
:10B7E0005FEA440C18BF24F0004450F1000041F11E
:10B7F000000120EAD47040F2FE7C624500D270BDA8
:10B80000A84214BF4FF080444FF04044002E08BFC0
:10B810000024BEF1806FA8BFA1F1C041BDE8704017
:10B8200080F282804FF0000001F1C04101F0004140
:10B8300070479EEA0C0F0CEA131518BF95EA0C0F1F
:10B8400006D04FF0000081EA030E0EF0004170BDFB
:10B8500000F01CF88900013E00F007B800F009B8BC
:10B860004FEA430C5FEA5C5C08D081EA030100F018
:10B870005BB84FEA410C5FEA5C5CF6D14FF0000028
:10B88000014970470000FF070000F87F0EF1020E2B
:10B890002EF0030E5EF8046B364205D4012A43EB0A
:10B8A000030515F5001F12D8012841EB010C1CF50A
:10B8B000001F0CD80ED14FEAD17C15F5001F0CEB00
:10B8C0004C0C0CF1020C08BF4CEBD37C04E04FF0A5
:10B8D000080C01E04FEAD37C0CEB4C0526FA05F688
:10B8E00006F00706B6F1040C06D20EEB860CBDE896
:10B8F00070404CF0010C6047DFE80CF0090B0202CD
:10B900004FF000414FF00000A1F5002170BD194635
:10B910001046012851EB010418BFD4F5001484BF70
:10B92000002001F0004170BD0808A0F500114FEAA9
:10B930003101704753EA010C17D41CF5801F58BF22
:10B94000BCF5801F00F106808B4218BF704708BF0E
:10B950008242704707D713F5801F58BF11F5801F2B
:10B9600019D48B4270479B4270471CF5801F08D545
:10B97000BCF5801FF7D5994218BF704708BF9042A9
:10B9800070474FF4001C1CEB430F38BF1CEB410FFA
:10B9900001D2994270470FB40CBC03BCFFF7C1BE83
:10B9A00091EA030F10B581F000413FF541AC83F0FF
:10B9B000004300F0EFB800002DE9F04101F5801CD4
:10B9C000BCF5001FC0F2C3804FEA115C21EA0C51A4
:10B9D0000CF1FD0C41F480115FEA5C0C0CF5C07CAD
:10B9E00001D3400049413DA4890241EA90518702B8
:10B9F0008E0E0A0CA45D04FB04F602FB06F6C6F1EB
:10BA00004046A4FB0662F60D46EA422606FB06F413
:10BA1000A4FB01235242C3F1404338BF5B1EA6FB87
:10BA200002420024E6FB0324D20B42EA4446A6FB72
:10BA30000623A1FB02E2A3FB07E4A4184FF00002D7
:10BA400052F10002E3FB01426442C2F1404E38BFB2
:10BA5000AEF1010EA6FB04234FF00002E6FB0E320E
:10BA6000A2FB03464FF00004B61954F10004E2FBB8
:10BA70000264A1FB06E6A4FB07E816EB08064FF0FC
:10BA8000000858F10008E4FB01687642C8F140580C
:10BA900038BFA8F10108A2FB06E4A3FB08E52D19B5
:10BAA0004FF0000454F10004E2FB0854A1FB05E64A
:10BAB000A7FB04E818EB06084FF0000656F1000655
:10BAC000E1FB048618F1200556F10006A809A8F14B
:10BAD0001B08B10908F03F08B8F10A0F40EA866078
:10BAE0001CD901EB0C51BDE8F08100BFFCF5EEE87C
:10BAF000E2DDD8D3CFCBC7C3C0BDB9B6B4B1AEAC0D
:10BB0000A9A7A5A3A19F9D9B9A9896959392908F84
:10BB10008D8C8B898887868584838281A0FB0068D1
:10BB200000FB01F208EB4208B8EB872807D5341870
:10BB300058EB0104D5D5401C51F10001D1E7341A6E
:10BB400078EB0104CDD4401E71F10001C9E75FEA32
:10BB50004C0C5FEA9C5C0DD105D34FF0000001F066
:10BB60000041BDE8F081BDE8F04170B5FFF78EFE01
:10BB70006DDBFFBEBDE8F0414FF0000000497047AB
:10BB80000000F87F10B591EA030F48BF83F000432F
:10BB90003FF54EAB841A71EB030C07D212198CF0EF
:10BBA000004C43EB0C03001B61EB0C01DFF8A4E13C
:10BBB0004FEA1154A4EB135C1EEA430F18BF9EEA30
:10BBC000445F00F0B08023EA6E03524221EA045140
:10BBD000C3EB6E0338BF5B1EDCF1200E25D322FAC7
:10BBE0000CFE10EB0E0043FA0CFE41EB0E01CCF103
:10BBF000200E03FA0EFE10EB0E0051F10001CCF105
:10BC0000200E29D412FA0EF201EB0451BDE81040C7
:10BC100058BF7047401C1CBFB2F1004F704700284E
:10BC20000CBF491C20F00100704712EB020E43EBE1
:10BC3000030218BF4FF0010E4EEA4202ACF1200C95
:10BC4000DCF11E0E54D943FA0CFE10EB0E0051F13C
:10BC5000FF31CCF11E0ED5D50EF1010E12FA0EFEFB
:10BC6000404141EB010101EB445C5FEA5C5C10D9AF
:10BC700010EBDE7001EB045138BFBEF1004FBDE8A0
:10BC8000104018BF704700280CBF491C20F001006D
:10BC9000704730D24FEAD42C11F5001124F400641F
:10BCA0001BD0B1FA81F20B3AA41AA41ED2F12003E0
:10BCB000914030FA03F31943904001EBCC71002C12
:10BCC00001EB0451BDE81040A8BF704701F1C0412D
:10BCD0004FF0000001F000417047B0FA80F310FA15
:10BCE00003F100D110BDE41A173C4805C90AE4E786
:10BCF00001EB045110BD491001EB0451BDE81040A7
:10BD00004FEA300002E04FF0000170474A0008BFE0
:10BD10000042F8D0B2F5001F28BF704701F0004183
:10BD20004FF0000070479EEA445F07D011EA5E0FB3
:10BD3000BDE8104004BF002100207047BDE810405E
:10BD400070B5FFF7A3FD00BF40DFF63E83F0004172
:10BD5000104670470000E0FF43004FEAD30C4FEA63
:10BD60003C0C43401FBF40070CF1605113F0FE4FE5
:10BD700070471CF0006F03D100200CF000417047A9
:10BD80000CF0004343EA507010B540EACC0000F0DC
:10BD900022FA00BF000000924FEA0001FFF7C4BD85
:10BDA0004FF000414FF00000A1F500217047000066
:10BDB00090EA010F48BF81F0004100F15E82421A13
:10BDC0003CBF801A89184FEAD0524FF07F4C1CEAD2
:10BDD000410FA2EBD15318BF9CEA026F00F03B80E9
:10BDE0004FF0004C4CEA00204CEA012121FA03FC00
:10BDF00010EB0C0C1ED202F1FF325FEA1C2040EB6C
:10BE0000C25038BF70471CF07F0F4FEA400C18BF7C
:10BE1000BCF17F4F38BF7047C3F12003994008BF82
:10BE200020F00100BCF17F4F38BF7047A0F1C04047
:10BE300000F017BA4FEA3C00000A40EBC25028BF9E
:10BE40001CF0FF0F4FEA400CE6D018BFBCF17F4F4B
:10BE500038BF7047EAE79CEA026F05D010EA5C0F32
:10BE600008BF00F00040704710B500F0B4F900BF03
:10BE700064FBBE3E014800F075BA00BF0000C07F01
:10BE80004FF47F0C1CEAD0121EBF1CEAD11392EAB9
:10BE90000C0F93EA0C0F00F0858090EA010F48BF69
:10BEA00042F4807240F4000C41F400002CF07F4119
:10BEB00020F07F4000B58142A2EB03020FF2081C84
:10BEC000ACEB504EC0F100009EF800E04FEA4E0E81
:10BED00000FB0EFC38BF49004FEA2C1C02F5FA02A9
:10BEE0000CFB0EF34FEACE1E4FEA112C4FEAC12194
:10BEF0000EEB635E42EB22420EFB0CFC4FEA1C533E
:10BF000000FB03114FEA112C4FEA01310EFB0CFC30
:10BF10004FEADC4C00FB0C11C14228BF09184CEB66
:10BF200003335DF804EB10EB410143EBC250B2F573
:10BF30007C0F38BF704729D512F0F00F1CBF00F1FD
:10BF4000C04000F00040704700818283848586876E
:10BF500088898B8C8D8E8F919293959697999A9CC8
:10BF60009D9FA0A2A3A5A7A8AAACAEB0B2B3B5B737
:10BF7000B9BCBEC0C2C5C7C9CCCED1D4D7D9DCDF0D
:10BF8000E2E6E9ECF0F3F7FAFE0000004FEA400CBD
:10BF90000CF1807CBCF17E4F28BF7047B0F1C040EF
:10BFA00000F05FB990EA010F0CEAD11348BF42F4E8
:10BFB0008072624538BF634507D213F47F0F16D0F5
:10BFC00080EA010000F00040704710B500F003F96E
:10BFD000097EFC3E00F005B880EA010000F0004058
:10BFE000704780EA010000F0004000F03AB912F416
:10BFF0007F0F04BF0248704780EA010000F031B9AA
:10C000000000C07F41000B0ED3F19E0208D950F40E
:10C0100000034FEA032323FA02F048BF404270476F
:10C0200010B500F0D8F800BF499224800020704776
:10C030006FF0004282EA200070470000C10DD1F18C
:10C040009E0206DB4FEA002343F0004323FA02F08E
:10C050007047004207D54FEA4001B1F1FE4F02D2CE
:10C060004FF00000704710B500F0B5F849922480F9
:10C07000002070476FEA20007047000010F0004178
:10C0800048BF4042B0FA80F310FA03F2C3F19D03B7
:10C090000BD051EAC35101EB1220530638BF704751
:10C0A00000F1010008BF20F001007047B0FA80F3F2
:10C0B00010FA03F2C3F19D030AD0D90501EB122057
:10C0C000530638BF704700F1010008BF20F001009F
:10C0D000704700004FF47F0C1CEAD0121EBF1CEA10
:10C0E000D11392EA0C0F93EA0C0F00F0478090EA0C
:10C0F000010F48BF42F480724FF0004C4CEA002020
:10C100004CEA012102EB0302A0FB0113A2F500029D
:10C11000002918BF43F001035B0028BF4FEA330337
:10C1200042EB22425FEA132C4CEBC2502EBFBCEB19
:10C13000436FB2F57C0F70474FEA036CBCF1004FC0
:10C1400008BF20F00100B2F57C0F38BF70470BD557
:10C1500082F0FF0212F5803FC8BF704700F1C04077
:10C16000D8BF00F00040704700F5000C5FEA4C0CAF
:10C1700048BF7047B0F1C04000F073B890EA010FBB
:10C180000CEAD11348BF42F48072624538BF634560
:10C1900004D280EA010000F00040704710B500F0C2
:10C1A0001AF800BF8900013E00F007B800F009B896
:10C1B0005FEA410C5FEA1C6C08D080EA010000F0E5
:10C1C00050B85FEA400C5FEA1C6CF6D14FF00040BB
:10C1D000A0F5800070470EF1020E2EF0030E5EF8FF
:10C1E000044B244204D44FEA4102B2F17F4F11D8EC
:10C1F0004FEA4003B3F17F4F0CD80ED14FEAD07C09
:10C20000B2F17F4F0CEB4C0C0CF1020C08BF4CEB65
:10C21000D17C04E04FF0080C01E04FEAD17C0CEB3C
:10C220004C0324FA03F404F00704B4F1040C06D21E
:10C230000EEB840CBDE810404CF0010C6047DFE8C9
:10C240000CF0070802024FF00040A0F5800010BD7E
:10C250000846420018BFD2F1807288BF00F000404B
:10C2600010BDFF2141EAD050C005704790EA010F90
:10C2700048BF81F000413FF5A2AD421A04D882F0D8
:10C280000042A0EB020011444FEAD0524FF07F4C25
:10C290001CEA410FA2EBD15318BF9CEA026F4AD0AF
:10C2A0004FF0004C4CEA00204CEA012121FA03FC3B
:10C2B000B0EB0C0C0FD412F0FE0F36D05FEA4C003E
:10C2C0001DD5001240EBC25038BF70471CF03F0F25
:10C2D00018BF70470BE0A2F101025FEA1C2040EB9F
:10C2E000C25038BF70471CF07F0F18BF7047C3F1B2
:10C2F0002003994014BF401E20F0010070478008C1
:10C300004FEA122308BF7047B0FA80FCA2EB0C0280
:10C31000CCF1280C60FA0CF093EA122F04BF00EB6A
:10C32000C25070474FEAC3707047130A5FEADC10CF
:10C3300008BF7047F6E79CEA026F04D010EA5C0F72
:10C3400008BF0020704710B5FFF745FF40DFF63EFD
:10C3500081F0004070474FF000007047F4F7AEBC2A
:10C36000F5F722B80CF00F03092B08BF082000F0E6
:10C3700085800A2B0BD0082B18BF704708BF1CF014
:10C38000400F0AD04FF000004FF0000170471CF042
:10C39000400F18BF4FF0004070471CF0100F08D03E
:10C3A00020F0704300F07F4242EAD3014FEA43702D
:10C3B000704700F0604021F07F4242EA000201F045
:10C3C0007F4040EA727070474FF0FF0C4CF4E06C15
:10C3D0001CEA11531CBF9CEA030C9445C2BFDA420D
:10C3E00001EB02517047002B0DD0BCF1000F0FD0B4
:10C3F000002A01F00041A4BF41F0E04141F07F611B
:10C400004FF00000704701F000414FF0000070470E
:10C4100050EA01334FF09B0C18BF4CF0806C7EF457
:10C42000A7AF70474FF0FF0212EAD0521CBF92F044
:10C43000FF038B42C2BFD14200EBC1507047002ABC
:10C440000AD0002B0BD0002900F00040A4BF40F020
:10C45000FE4040F40000704700F000407047430287
:10C460004FF00B0C18BF4CF0806C7FF403AD70479D
:10C47000F5F78EBBF5F7ECBCF5F77ABE1CF4801F20
:10C4800011D01CF4E02F03D06FEACC314900704783
:10C490004FF04050EFF3008222F0704242EA000277
:10C4A00082F3008870474FF00000704700000000E2
:10C4B00000000000002F000000000700070000142B
:10C4C0007F147F1400242A7F2A1200626408132339
:10C4D00000364955225000000503000000001C22D0
:10C4E0004100000041221C000014083E081400080E
:10C4F000083E0808000000A06000000808080808BE
:10C50000000060600000002010080402003E514955
:10C51000453E0000427F40000042615149460021F3
:10C5200041454B31001814127F100027454545390D
:10C53000003C4A4949300001710905030036494968
:10C54000493600064949291E000036360000000021
:10C55000563600000008142241000014141414146C
:10C560000000412214080002015109060032495915
:10C57000513E007C1211127C007F49494936003E31
:10C5800041414122007F4141221C007F49494941EC
:10C59000007F09090901003E4149497A007F0808E6
:10C5A000087F0000417F4100002040413F01007FA3
:10C5B00008142241007F40404040007F020C027F6F
:10C5C000007F0408107F003E4141413E007F090981
:10C5D0000906003E4151215E007F091929460046A7
:10C5E000494949310001017F0101003F4040403F7E
:10C5F000001F2040201F003F4038403F00631408C8
:10C6000014630007087008070061514945430000A2
:10C610007F41410000552A552A55000041417F00C5
:10C6200000040201020400404040404000000102BA
:10C630000400002054545478007F484444380038A3
:10C640004444442000384444487F0038545454182B
:10C6500000087E0901020018A4A4A47C007F08043D
:10C6600004780000447D4000004080847D00007F0D
:10C67000102844000000417F4000007C041804782A
:10C68000007C0804047800384444443800FC242426
:10C6900024180018242418FC007C0804040800480E
:10C6A0005454542000043F444020003C4040207C2F
:10C6B000001C2040201C003C4030403C004428101E
:10C6C0002844001CA0A0A07C004464544C441414D2
:10C6D000141414140000000000000000000000000A
:10C6E00000000000000000F800000000000000331F
:10C6F0003000000000100C06100C060000000000C6
:10C700000000000040C07840C0784000043F0404AE
:10C710003F040400007088FC08300000001820FF6F
:10C72000211E0000F008F000E018000000211C03AA
:10C730001E211E0000F00888700000001E21232426
:10C740001927211010160E00000000000000000044
:10C7500000000000000000E01804020000000007D4
:10C760001820400000020418E000000000402018DB
:10C7700007000000404080F0804040000202010FAE
:10C7800001020200000000F0000000000101011F92
:10C7900001010100000000000000000080B07000F6
:10C7A0000000000000000000000000000001010186
:10C7B0000101010100000000000000000030300015
:10C7C00000000000000000008060180400601806EF
:10C7D0000100000000E010080810E000000F102029
:10C7E00020100F00001010F8000000000020203F73
:10C7F00020200000007008080888700000302824FD
:10C80000222130000030088888483000001820209D
:10C8100020110E000000C02010F8000000070424C2
:10C82000243F240000F80888880808000019212007
:10C8300020110E0000E0108888180000000F112061
:10C8400020110E0000380808C83808000000003F1A
:10C85000000000000070880808887000001C222179
:10C8600021221C0000E010080810E0000000312226
:10C8700022110F00000000C0C000000000000030C6
:10C880003000000000000080000000000000806018
:10C890000000000000008040201008000001020499
:10C8A0000810200040404040404040000404040480
:10C8B000040404000008102040800000002010083C
:10C8C00004020100007048080808F0000000003071
:10C8D00036010000C030C828E810E00007182724FF
:10C8E00023140B000000C038E0000000203C2302AD
:10C8F0000227382008F8888888700000203F202010
:10C9000020110E00C0300808080838000718202041
:10C910002010080008F808080810E000203F202038
:10C9200020100F0008F88888E8081000203F202019
:10C930002320180008F88888E8081000203F20000D
:10C9400003000000C0300808083800000718202045
:10C95000221E020008F808000008F808203F210104
:10C9600001213F20000808F8080800000020203FAF
:10C970002020000000000808F8080800C08080801F
:10C980007F00000008F888C028180800203F200118
:10C990002638200008F8080000000000203F202072
:10C9A0002020300008F8F800F8F80800203F003F89
:10C9B000003F200008F830C00008F808203F2000A1
:10C9C00007183F00E01008080810E0000F102020B2
:10C9D00020100F0008F808080808F000203F210187
:10C9E00001010000E01008080810E0000F182424DE
:10C9F00038504F0008F8888888887000203F200051
:10CA0000030C302000708808080838000038202106
:10CA100021221C00180808F8080818000000203F10
:10CA20002000000008F808000008F808001F202077
:10CA300020201F000878880000C838080000073848
:10CA40000E010000F80800F80008F800033C070099
:10CA5000073C0300081868808068180820302C0301
:10CA6000032C30200838C800C83808000000203FD8
:10CA70002000000010080808C838080020382621C7
:10CA800020201800000000FE020202000000007FCB
:10CA900040404000000C30C00000000000000001D9
:10CAA0000638C00000020202FE00000000404040C4
:10CAB0007F000000000004020202040000000000E9
:10CAC0000000000000000000000000008080808066
:10CAD000808080800002020400000000000000004E
:10CAE00000000000000080808080000000192422E7
:10CAF00022223F2008F8008080000000003F112023
:10CB000020110E000000008080800000000E112027
:10CB100020201100000000808088F800000E112005
:10CB200020103F200000808080800000001F222213
:10CB300022221300008080F0888888180020203F7F
:10CB4000202000000000808080808000006B949492
:10CB50009493600008F8008080800000203F21004E
:10CB600000203F2000809898000000000020203F17
:10CB700020200000000000809898000000C0808005
:10CB8000807F000008F8000080808000203F2402A1
:10CB90002D302000000808F8000000000020203F91
:10CBA000202000008080808080808000203F200046
:10CBB0003F20003F8080008080800000203F2100D7
:10CBC00000203F200000808080800000001F202087
:10CBD00020201F00808000808000000080FFA120B6
:10CBE00020110E000000008080808000000E1120C7
:10CBF00020A0FF80808080008080800020203F2156
:10CC00002000010000008080808080000033242408
:10CC100024241900008080E0808000000000001FB4
:10CC2000202000008080000000808000001F202065
:10CC300020103F20808080000080808000010E3026
:10CC40000806010080800080008080800F300C0387
:10CC50000C300F0000808000808080000020312E8A
:10CC60000E312000808080000080808080818E7066
:10CC70001806010000808080808080000021302C18
:10CC80002221300000000000807C02020000000031
:10CC9000003F40400002027C800000000040403F16
:10CCA0000000000000000000FF0000000000000085
:10CCB000FF0000002010E824272424E424342C2042
:10CCC000E000000000000000000000000000000084
:10CCD0000000000080601F090909097F09094989CE
:10CCE0007F000000000000000000000000000000C5
:10CCF000000000000000FC242424FC252624FC2441
:10CD000024240400000000000000000000000000D7
:10CD10000000000040308F80844C55252525554C5F
:10CD20008080800000000000000000000000000083
:10CD300000000000008060F80704E4A4A4BFA4A4DD
:10CD4000E4040000000000000000000000000000FB
:10CD500000000000010000FF40407F4A4A4A4A4A62
:10CD60007F404000000000000000000000000000C4
:10CD7000000000000000F888888888FF888888887C
:10CD8000F8000000000000000000000000000000AB
:10CD90000000000000001F080808087F88888888B5
:10CDA0009F80F00000000000000000000000000074
:10CDB000000000000000FE0282828282FA828282EB
:10CDC000828202000000000000000000000000005D
:10CDD0000000000080601F40404040407F404044D1
:10CDE000584040000000000000000000000000006B
:10CDF00000000000008060F80704E4A4A4BFA4A41D
:10CE0000E40400000000000000000000000000003A
:10CE100000000000010000FF40407F4A4A4A4A4AA1
:10CE20007F40400000000000000000000000000003
:10CE300000000000000000000000000000000000F2
:10CE400000000000000000000000000000000000E2
:10CE50000000000000003636000000000000000066
:10CE600000000000000000000000000000000000C2
:10CE70000000000075191A0C6A231B1C1F20727415
:10CE8000433B4138393A6B6C376F06246D6E700046
:10CE90006800000476005401F7FD000183000000E3
:10CEA00000080000000100183200050000002041C9
:10CEB0000000D242295C0F3E9A99993E3333733F6A
:10CEC000295C0F3E000070000000002400000002FA
:10CED0000003000000650054FFEF0000FA80000B23
:10CEE00012820001030C30C30E8C8CE914D5400271
:10CEF00013710F8E3883F8833000F883258EF88302
:10CF00003000F883FFFFFFFF0FFEA9D624000400C6
:10CF10001A8279A10000003CFFFF00000010000011
:10CF200038836FA2003E03304000000002CAE309CC
:10CF30003E800000200000000000000040000000D3
:10CF400060000000000C0000000C186E000006924B
:10CF50000A16C0DFFFFF0256FD8CD377FFE1C496AF
:10CF6000E0C5BEAA00000000FFFF0B2B0000165713
:10CF7000000003594000000000001DFA00026C1D73
:10CF8000000000003FFFDFEB003EB3B6000D22784B
:10CF900000002F3C00000000001942B5000039A23B
:10CFA0000000B365D90E9FC91DCF4C34300000007E
:10CFB000500000003BB67AE80064000000C80000A2
:10CFC00000000000100000001000FA921000225E25
:10CFD000000D229F0001000000320000FF4600000B
:10CFE00063D400001000000004D6000004CC000050
:10CFF00004CC00000000107200000040000000009F
:10D00000000000000006000200050007000000000C
:10D01000006400000000000000000005000500643E
:10D0200000200000000000000000000000004000A0
:10D030000000030000000032F8980000FF650000C7
:10D04000830F0000FF9BFC000000000000000000B8
:10D0500000000000000000000000000000000000D0
:10D0600000000000000000000000000000000000C0
:10D070000000100040000000000000060000B26A3E
:10D08000000200000001FB830068000000D9FC00E2
:10D090007CF1FF830000000000650000006403E8ED
:10D0A00000640028000000250000000016A0000019
:10D0B0000000100000001000002F0000000001F42C
:10D0C0000000100000280000FFFF4581FFFFFA72FA
:10D0D0000000000000000000004400050005BAC682
:10D0E000004778A2000000010000000000000600D8
:10D0F000000000140000254D002F706D000005AEEB
:10D10000000C02D000000000000000000000000041
:10D1100000000000001B00000000000000000000F4
:10D120000000000000640000000800000000000093
:10D1300000000000000000000000000000000000EF
:10D1400000000000000000000000000000000000DF
:10D1500000000000000000000000000000000000CF
:10D1600000000000000000000000000000000000BF
:10D1700000000000000000000000000000000000AF
:10D1800000000000001B0000000000000000000084
:10D19000000E000E00000AC700040000000000326C
:10D1A000FFFFFF9C00000B2B0000000200000001AD
:10D1B00000000064FFE50000000000000000000027
:10D1C000000000000000000100000000000100005D
:10D1D00000000000000180000001800000018000CC
:10D1E000002426D30000000000000000000600100C
:10D1F0000096003C0000000000000000000000005D
:10D20000000000000C0A4E68CDCF77095016675910
:10D21000C619CE82000000000000000000000000DF
:10D2200000000000000000000000000017D784008C
:10D23000030000000000000000000000C7938F9D65
:10D240001E1B1C1900000000000000000000000070
:10D25000000000000000000000000000020318852C
:10D260000000400000000003000000030000000078
:10D27000000000004000000000000000000000006E
:10D28000000000000000000000000000000000009E
:10D29000000000000000000000000000000000008E
:10D2A0000000000000000000677DDF7E72902E55B8
:10D2B0004CF6E688000000000000000000000000BE
:10D2C00000000000D8DCB4B8B0D8B9ABF3F8FAB3BA
:10D2D000B7BB8E9EAEF132F51BF1B4B8B08097F1BA
:10D2E000A9DFDFDFAADFDFDFF2AAC5CDC7A90CC93E
:10D2F0002C97F1A989264666B28999A92D557DB04A
:10D30000B08AA896365676F1BAA3B4B280C0B8A84F
:10D310009711B28398BAA3F0240844106418B2B9E4
:10D32000B49883F1A329557DBAB5B1A38393F000D6
:10D330002850F5B2B6AA839328547CF1B9A38293FE
:10D3400061BAA2DADEDFDB819AB9AEF5606870F10E
:10D35000DABAA2DFD9BAA2FAB9A38292DB31BAA2B1
:10D36000D9BAA2F8DF85A4D0C1BBAD83C2C5C7B806
:10D37000A2DFDFDFBAA0DFDFDFD8D8F1B8AAB38D34
:10D38000B4980D355DB2B6BAAF8C96198F9FA70EC3
:10D39000161EB49AB8AA872C547CBAA4B08AB69147
:10D3A000325676B28494A4C808CDD8B8B4B0F199F6
:10D3B00082A82D557D98A80E161EA22C547C92A4EE
:10D3C000F02C5078F184A898C4CDFCD80DDBA8FCD3
:10D3D0002DF3D9BAA6F8DABAA6DED8BAB2B68696CE
:10D3E000A6D0F3C841DAA6C8F8D8B0B4B882A892DB
:10D3F000F52C548898F135D9F418D8F1A2D0F8F961
:10D40000A884D9C7DFF8F883C5DADF69DF83C1D81C
:10D41000F40114F1A8824EA884F311D182F5D992B7
:10D42000289788F109F41C1CD884A8F3C0F9D1D935
:10D430009782F129F40DD8F3F9F9D1D982F4C20316
:10D44000D8DEDF1AD8F1A2FAF9A88498D9C7DFF894
:10D45000F8F883C7DADF69DFF883C3D8F40114F181
:10D4600098A8822EA884F311D182F5D9925097887A
:10D47000F109F41CD884A8F3C0F8F9D1D99782F146
:10D4800049F40DD8F3F9F9D1D982F4C403D8DEDF19
:10D49000D8F1AD8898CCA809F9D98292A8F57CF189
:10D4A000883ACF944A6E98DB6931DAADF2DEF9D86A
:10D4B0008795A8F221D1DAA5F9F417D9F1AE8ED06B
:10D4C000C0C3AE82C684C3A88595C8A588F2C0F142
:10D4D000F4010EF18E9EA8C63E56F554F18872F402
:10D4E0000115F19845856EF58E9E0488F142985A93
:10D4F0008E9E068869F4011CF1981E1108D0F5046F
:10D50000F11E970202983625DBF9D985A5F3C1DA19
:10D5100085A5F3DFD88595A8F309DAA5FAD8829214
:10D52000A8F578F1881A849F26889821DAF41DF3EB
:10D53000D8879F39D1AFD9DFDFFBF9F40CF3D8FAE4
:10D54000D0F8DAF9F9D0DFD9F9D8F40BD8F3879FFE
:10D5500039D1AFD9DFDFF41DF3D8FAFCA869F9F9A6
:10D56000AFD0DADEFAD9F88F9FA8F1CCF398DB457B
:10D57000D9AFDFD0F8D8F18F9FA8CAF38809DAAF06
:10D580008FCBF8D8F2AD978D0CD9A5DFF9BAA6F3F9
:10D59000FAF412F2D8950DD1D9BAA6F3FADAA5F2B7
:10D5A000C1BAA6F3DFD8F1BAB2B68696A6D0CAF34E
:10D5B00049DAA6CBF8D8B0B4B8D8AD84F2C0DFF160
:10D5C0008FCBC3A8B2B68696C8C1CBC3F3B0B4881C
:10D5D00098A821DB718D9D71859521D9ADF2FAD87E
:10D5E0008597A828D9F408D8F28D29DAF405D9F25C
:10D5F00085A4C2F2D8A88D9401D1D9F411F2D887AC
:10D6000021D8F40AD8F28498A8C801D1D9F411D845
:10D61000F3A4C8BBAFD0F2DEF8F8F8F8F8F8F8F8E1
:10D62000D8F1B8F6B5B9B08A95A3DE3CA3D9F8D83D
:10D630005CA3D9F8D87CA3D9F8D8F8F9D1A5D9DF5B
:10D64000DAFAD8B18530F7D9DED8F830ADDADED8DD
:10D65000F2B48C99A32D557DA083DFDFDFB591A0B7
:10D66000F629D9FBD8A0FC29D9FAD8A0D051D9F8ED
:10D67000D8FC51D9F9D879D9FBD8A0D0FC79D9FAFE
:10D68000D8A1F9F9F9F9F9A0DADFDFDFD8A1F8F8C4
:10D69000F8F8F8ACDEF8ADDE8393AC2C547CF1A83E
:10D6A000DFDFDFF69D2CDAA0DFD9FADB2DF8D8A872
:10D6B00050DAA0D0DED9D0F8F8F8DB55F8D8A87841
:10D6C000DAA0D0DFD9D0FAF8F8F8F8DB7DF8D89CEA
:10D6D000A88CF530DB38D9D0DEDFA0D0DEDFD8A8CB
:10D6E00048DB58D9DFD0DEA0DFD0DED8A868DB70F9
:10D6F000D9DFDFA0DFDFD8F1A888902C547C98A870
:10D70000D05C38D1DAF2AE8CDFF9D8B087A8C1C1CD
:10D71000B188A8C6F9F9DA36D8A8F9DA36D8A8F95E
:10D72000DA36D8A8F9DA36D8A8F9DA36D8F78D9DDE
:10D73000ADF818DAF2AEDFD8F7ADFA30D9A4DEF9D9
:10D74000D8F2AEDEFAF983A7D9C3C5C7F1889BA783
:10D750007AADF7DEDFA4F8849408A797F300AEF261
:10D760009819A488C6A39488F632DFF28393DB0964
:10D77000D9F2AADFD8D8AEF8F9D1DAF3A4DEA7F14E
:10D78000889B7AD8F38494AE19F9DAAAF1DFD8A885
:10D7900081C0C3C5C7A39283F628ADDED9F8D8A34C
:10D7A00050ADD9F8D8A378ADD9F8D8F8F9D1A1DA25
:10D7B000DEC3C5C7D8A18194F818F2B089ACC3C53F
:10D7C000C7F1D8B8B4B09786A8319B069907AB9734
:10D7D00028889BF00C201440B0B4B8F0A88A9A288E
:10D7E0005078B79BA8295179247059446938644806
:10D7F00031F1BBAB88002C547CF0B38BB8A8042863
:10D800005078F1B088B49726A85998BBABB38B0277
:10D81000264666B0B8F08A9CA82951798B2951799F
:10D820008A2470598B2058718A4469388B39406832
:10D830008A6448318B30496088F1AC002C547CF00C
:10D840008CA804285078F1889726A85998AC8C02A7
:10D85000264666F0899CA829517924705944693874
:10D86000644831A98809205970AB11384069A8195A
:10D870003148608CA83C415C207C00F18798198677
:10D88000A86E767EA999882D557DD8B1B5B9A3DF4C
:10D89000DFDFAED0DFAAD0DEF2ABF8F9D9B087C4B3
:10D8A000AAF1DFDFBBAFDFDFB9D8B1F1A3978E609C
:10D8B000DFB084F2C8F8F9D9DED89385F14AB18394
:10D8C000A308B5839A0810B79F10D8F1B0BAAEB0CC
:10D8D0008AC2B2B68E9EF1FBD9F41DD8F9D90CF1EB
:10D8E000D8F8F8AD61D9AEFBD8F40CF1D8F8F8ADA2
:10D8F00019D9AEFBDFD8F416F1D8F8AD8D61D9F4A3
:10D90000F4ACF59C9C8DDF2BBAB6AEFAF8F40BD8CC
:10D91000F1AED0F8AD51DAAEFAF8F1D8B9B1B6A39C
:10D92000839C08B9B1839AB5AAC0FD3083B79F1014
:10D93000B58B93F20202D1ABDADED8F1B080BAAB8C
:10D94000C0C3B284C1C3D8B1B9F38BA391B609B433
:10D95000D9ABDEB0879CB9A3DDF1B38B8B8B8B8BFE
:10D96000B087A3A3A3A3B28BB69BF2A3A3A3A3A345
:10D97000A3A3A3A3A3F1B087B59AA3F39BA3A3DCAE
:10D98000BAACDFB9A3A3A3A3A3A3A3A3A3A3A3A3F5
:10D99000A3A3A3A3D8D8D8BBB3B7F1AAF9DAFFD908
:10D9A000809AAA28B48098A720B79787A86688F09D
:10D9B0007951F1902C870CA781976293F071716077
:10D9C00085940129517990A5F1284C6C870C951804
:10D9D0008578A38390284C6C886CD8F3A28200F2DF
:10D9E00010A8921980A2F2D926D8F188A84DD9485A
:10D9F000D896A83980D93CD89580A839A68698D9D8
:10DA00002CDA87A72CD8A8899519A980D938D8A845
:10DA10008939A980DA3CD8A82EA83990D90CD8A881
:10DA2000953198D90CD8A809D9FFD801DAFFD89533
:10DA300039A9DA26FFD890A80D8999A810809821D5
:10DA4000DA2ED88999A83180DA2ED8A88696318026
:10DA5000DA2ED8A8873180DA2ED8A88292F34180B6
:10DA6000F1D92ED8A882F31980F1D92ED882ACF33F
:10DA7000C0A28022F1A62EA72EA92298A829DAAC4E
:10DA8000DEFFD8A2F22AF1A92E8292A8F23180A656
:10DA900096F1D900AC8C9C0C30ACDED0DEFFD88C7B
:10DAA0009CACD010ACDE8092A2F24C82A8F1CAF2FB
:10DAB00035F19688A6D900D8F1FF0000B4DD000842
:10DAC0000000000000000000000000000000000056
:10DAD000000200001800000000000000000000002C
:10DAE000C0DD000800000000000000000000000091
:10DAF00000000000000400003000000000000000F2
:10DB000000000000C8DD0008000000000000000068
:10DB100000000000000000000008000020000000DD
:10DB20000000000000000000D0DD00080000000040
:10DB300000000000000000000000000000080000DD
:10DB400010000000000000000000000001020203BD
:10DB50000405060708090A0B0C0D0E0F1010000033
:10DB6000000000000000010203040607080900008D
:10DB70000000010203040000807F04000008000090
:10DB80000000000000020001000010000000000082
:10DB9000555555555555C53F7D6FEB0312D6D4BF2E
:10DBA0005544880E55C1C93F3B8F68B52882A4BF34
:10DBB00088B20175E0EF493F09F7FD0DE13D023FF5
:10DBC0004B2D8A1C273A03C0C88A599CE52A00407D
:10DBD00059018D1B6C06E6BF82922EB1C5B8B33FCA
:10DBE0000000000000000000303132333435363799
:10DBF0003839414243444546403058003031323391
:10DC00003435363738396162636465664030780090
:10DC10004FBB610567ACDD3F182D4454FB21E93F44
:10DC20009BF681D20B73EF3F182D4454FB21F93F33
:10DC3000E2652F227F2B7A3C075C143326A6813CB9
:10DC4000BDCBF07A8807703C075C143326A6913C64
:10DC5000C4EB98999999C9BF711623FEC671BCBFD0
:10DC60006D9A74AFF2B0B3BF9AFDDE522DDEADBF38
:10DC70002F6C6A2C44B4A2BF0D5555555555D53F50
:10DC8000FF8300922449C23F6E204CC5CD45B73F6B
:10DC9000513DD0A0660DB13FEB0D76244B7BA93FE3
:10DCA00011DA22E33AAD903F0000000000000000CE
:10DCB0003031323334353637383961626364656602
:10DCC0007870003031323334353637383941424399
:10DCD000444546585000000002400000000000A0EB
:10DCE0000000000005400000000000C80000000027
:10DCF0000C4000000000409C0000000019400000A3
:10DD00000020BCBE0000000034400000BFC91B8ED4
:10DD100000000004B5400000504BCFD06607E2CFB2
:10DD2000010000006C4100003E8251AADFEEA734E2
:10DD300001000000D9420000DCB5A0E23A301F9794
:10DD4000FFFFFFFFB4450000FD25A0C8E9A3C14FB8
:10DD5000FFFFFFFFFF3F0000000000800000000009
:10DD6000FF3F000000000080000000005A4B503DC3
:10DD7000252E3366205A4B443D252E336620564BC4
:10DD8000503D252E336620564B493D252E336620C7
:10DD9000544B503D252E336620544B443D252E33A5
:10DDA00066204D45445F414E474C453D252E336628
:10DDB0000D0A000064656661756C745461736B00D4
:10DDC000436F6E74726F6C00436F6D6D00000000E6
:10DDD000446973706C61790034DF00080000002032
:10DDE000700100002801000894DF00087001002085
:10DDF000D046000084010008000000000000F07F11
:10DE0000FFFFFFFFFFFFEF7F1C000000430000004B
:10DE1000F8FFFFFF0C0000000E0000000F000000E4
:10DE20002E0000001001000043000000F8FFFFFF7B
:10DE3000004040404040404040404141414141401D
:10DE400040404040404040404040404040404040D2
:10DE50004005020202020202020202020202020261
:10DE60000220202020202020202020020202020266
:10DE700002029090909090901010101010101010BE
:10DE800010101010101010101010101002020202CA
:10DE9000020288888888888808080808080808080E
:10DEA000080808080808080808080808020202020A
:10DEB0004000000000000000000000000000000022
:10DEC0000000000000000000000000000000000052
:10DED0000000000000000000000000000000000042
:10DEE0000000000000000000000000000000000032
:10DEF0000000000000000000000000000000000022
:10DF00000000000000000000000000000000000011
:10DF10000000000000000000000000000000000001
:10DF200000000000000000000000000000000000F1
:10DF30000000000012AE100C1040B081FFA1A6A896
:10DF40003FC8D3100ED580D805D9F1DA12D8308D5C
:10DF500014AF1374CE1B08900401201A9C243201C4
:10DF6000690461031080BF05233333333F4AC03C4B
:10DF7000200FF0C2CDCC4CBFCDCC8CBF5839B4BB38
:10DF800007382041CDCCCC3D29988210037124F470
:04DF90001AAA014187
:04000005080000ED02
:00000001FF
